date,fund,flow_usd_millions
2024-07-23,ETHA,266.5
2024-07-24,ETHA,17.4
2024-07-25,ETHA,70.9
2024-07-26,ETHA,87.2
2024-07-27,ETHA,0.0
2024-07-28,ETHA,0.0
2024-07-29,ETHA,58.2
2024-07-30,ETHA,118.0
2024-07-31,ETHA,5.0
2024-08-01,ETHA,89.6
2024-08-02,ETHA,0.0
2024-08-03,ETHA,0.0
2024-08-04,ETHA,0.0
2024-08-05,ETHA,47.1
2024-08-06,ETHA,109.9
2024-08-07,ETHA,0.0
2024-08-08,ETHA,11.7
2024-08-09,ETHA,19.6
2024-08-10,ETHA,0.0
2024-08-11,ETHA,0.0
2024-08-12,ETHA,0.0
2024-08-13,ETHA,49.1
2024-08-14,ETHA,16.1
2024-08-15,ETHA,0.8
2024-08-16,ETHA,10.3
2024-08-17,ETHA,0.0
2024-08-18,ETHA,0.0
2024-08-19,ETHA,0.0
2024-08-20,ETHA,26.8
2024-08-21,ETHA,0.0
2024-08-22,ETHA,0.0
2024-08-23,ETHA,0.0
2024-08-24,ETHA,0.0
2024-08-25,ETHA,0.0
2024-08-26,ETHA,0.0
2024-08-27,ETHA,0.0
2024-08-28,ETHA,8.4
2024-08-29,ETHA,0.0
2024-08-30,ETHA,0.0
2024-08-31,ETHA,0.0
2024-09-01,ETHA,0.0
2024-09-02,ETHA,0.0
2024-09-03,ETHA,0.0
2024-09-04,ETHA,0.0
2024-09-05,ETHA,0.0
2024-09-06,ETHA,4.7
2024-09-07,ETHA,0.0
2024-09-08,ETHA,0.0
2024-09-09,ETHA,0.0
2024-09-10,ETHA,4.3
2024-09-11,ETHA,0.0
2024-09-12,ETHA,0.0
2024-09-13,ETHA,3.7
2024-09-14,ETHA,0.0
2024-09-15,ETHA,0.0
2024-09-16,ETHA,4.2
2024-09-17,ETHA,0.0
2024-09-18,ETHA,4.9
2024-09-19,ETHA,5.2
2024-09-20,ETHA,0.0
2024-09-21,ETHA,0.0
2024-09-22,ETHA,0.0
2024-09-23,ETHA,0.0
2024-09-24,ETHA,59.3
2024-09-25,ETHA,9.4
2024-09-26,ETHA,15.3
2024-09-27,ETHA,11.5
2024-09-28,ETHA,0.0
2024-09-29,ETHA,0.0
2024-09-30,ETHA,11.0
2024-10-01,ETHA,0.0
2024-10-02,ETHA,18.0
2024-10-03,ETHA,12.1
2024-10-04,ETHA,14.7
2024-10-05,ETHA,0.0
2024-10-06,ETHA,0.0
2024-10-07,ETHA,0.0
2024-10-08,ETHA,0.0
2024-10-09,ETHA,0.0
2024-10-10,ETHA,17.8
2024-10-11,ETHA,0.0
2024-10-12,ETHA,0.0
2024-10-13,ETHA,0.0
2024-10-14,ETHA,14.3
2024-10-15,ETHA,0.0
2024-10-16,ETHA,11.9
2024-10-17,ETHA,23.6
2024-10-18,ETHA,0.0
2024-10-19,ETHA,0.0
2024-10-20,ETHA,0.0
2024-10-21,ETHA,4.9
2024-10-22,ETHA,11.9
2024-10-23,ETHA,0.0
2024-10-24,ETHA,2.3
2024-10-25,ETHA,0.0
2024-10-26,ETHA,0.0
2024-10-27,ETHA,0.0
2024-10-28,ETHA,2.3
2024-10-29,ETHA,13.6
2024-10-30,ETHA,0.0
2024-10-31,ETHA,49.6
2024-11-01,ETHA,0.0
2024-11-02,ETHA,0.0
2024-11-03,ETHA,0.0
2024-11-04,ETHA,11.0
2024-11-05,ETHA,0.0
2024-11-06,ETHA,0.0
2024-11-07,ETHA,23.7
2024-11-08,ETHA,59.8
2024-11-09,ETHA,0.0
2024-11-10,ETHA,0.0
2024-11-11,ETHA,101.1
2024-11-12,ETHA,131.4
2024-11-13,ETHA,35.6
2024-11-14,ETHA,18.9
2024-11-15,ETHA,0.0
2024-11-16,ETHA,0.0
2024-11-17,ETHA,0.0
2024-11-18,ETHA,-23.9
2024-11-19,ETHA,-14.2
2024-11-20,ETHA,16.7
2024-11-21,ETHA,0.0
2024-11-22,ETHA,99.7
2024-11-23,ETHA,0.0
2024-11-24,ETHA,0.0
2024-11-25,ETHA,0.0
2024-11-26,ETHA,50.1
2024-11-27,ETHA,0.0
2024-11-28,ETHA,0.0
2024-11-29,ETHA,250.4
2024-11-30,ETHA,0.0
2024-12-01,ETHA,0.0
2024-12-02,ETHA,55.9
2024-12-03,ETHA,65.3
2024-12-04,ETHA,124.4
2024-12-05,ETHA,292.7
2024-12-06,ETHA,34.6
2024-12-07,ETHA,0.0
2024-12-08,ETHA,0.0
2024-12-09,ETHA,155.4
2024-12-10,ETHA,81.7
2024-12-11,ETHA,74.2
2024-12-12,ETHA,202.3
2024-12-13,ETHA,9.5
2024-12-14,ETHA,0.0
2024-12-15,ETHA,0.0
2024-12-16,ETHA,30.7
2024-12-17,ETHA,134.8
2024-12-18,ETHA,81.9
2024-12-19,ETHA,0.0
2024-12-20,ETHA,-103.7
2024-12-21,ETHA,0.0
2024-12-22,ETHA,0.0
2024-12-23,ETHA,89.5
2024-12-24,ETHA,43.9
2024-12-25,ETHA,0.0
2024-12-26,ETHA,28.2
2024-12-27,ETHA,20.2
2024-12-28,ETHA,0.0
2024-12-29,ETHA,0.0
2024-12-30,ETHA,0.0
2024-12-31,ETHA,0.0
2025-01-01,ETHA,0.0
2025-01-02,ETHA,0.0
2025-01-03,ETHA,33.9
2025-01-04,ETHA,0.0
2025-01-05,ETHA,0.0
2025-01-06,ETHA,124.1
2025-01-07,ETHA,0.0
2025-01-08,ETHA,0.0
2025-01-09,ETHA,0.0
2025-01-10,ETHA,0.0
2025-01-11,ETHA,0.0
2025-01-12,ETHA,0.0
2025-01-13,ETHA,12.9
2025-01-14,ETHA,0.0
2025-01-15,ETHA,19.8
2025-01-16,ETHA,111.2
2025-01-17,ETHA,7.4
2025-01-18,ETHA,0.0
2025-01-19,ETHA,0.0
2025-01-20,ETHA,0.0
2025-01-21,ETHA,56.3
2025-01-22,ETHA,79.1
2025-01-23,ETHA,0.0
2025-01-24,ETHA,0.0
2025-01-25,ETHA,0.0
2025-01-26,ETHA,0.0
2025-01-27,ETHA,20.7
2025-01-28,ETHA,0.0
2025-01-29,ETHA,9.5
2025-01-30,ETHA,79.9
2025-01-31,ETHA,57.3
2025-02-01,ETHA,0.0
2025-02-02,ETHA,0.0
2025-02-03,ETHA,0.0
2025-02-04,ETHA,276.2
2025-02-05,ETHA,0.0
2025-02-06,ETHA,10.7
2025-02-07,ETHA,0.0
2025-02-08,ETHA,0.0
2025-02-09,ETHA,0.0
2025-02-10,ETHA,0.0
2025-02-11,ETHA,12.6
2025-02-12,ETHA,0.0
2025-02-13,ETHA,12.0
2025-02-14,ETHA,0.0
2025-02-15,ETHA,0.0
2025-02-16,ETHA,0.0
2025-02-17,ETHA,0.0
2025-02-18,ETHA,0.0
2025-02-19,ETHA,0.0
2025-02-20,ETHA,0.0
2025-02-21,ETHA,0.0
2025-02-22,ETHA,0.0
2025-02-23,ETHA,0.0
2025-02-24,ETHA,-48.2
2025-02-25,ETHA,0.0
2025-02-26,ETHA,-69.8
2025-02-27,ETHA,-26.1
2025-02-28,ETHA,-30.2
2025-03-01,ETHA,0.0
2025-03-02,ETHA,0.0
2025-03-03,ETHA,-16.1
2025-03-04,ETHA,-26.3
2025-03-05,ETHA,0.0
2025-03-06,ETHA,-10.0
2025-03-07,ETHA,-11.2
2025-03-08,ETHA,0.0
2025-03-09,ETHA,0.0
2025-03-10,ETHA,0.0
2025-03-11,ETHA,-11.8
2025-03-12,ETHA,0.0
2025-03-13,ETHA,-15.1
2025-03-14,ETHA,-36.4
2025-03-15,ETHA,0.0
2025-03-16,ETHA,0.0
2025-03-17,ETHA,0.0
2025-03-18,ETHA,-40.2
2025-03-19,ETHA,-12.9
2025-03-20,ETHA,-9.0
2025-03-21,ETHA,-11.9
2025-03-22,ETHA,0.0
2025-03-23,ETHA,0.0
2025-03-24,ETHA,0.0
2025-03-25,ETHA,0.0
2025-03-26,ETHA,0.0
2025-03-27,ETHA,0.0
2025-03-28,ETHA,0.0
2025-03-29,ETHA,0.0
2025-03-30,ETHA,0.0
2025-03-31,ETHA,0.0
2025-04-01,ETHA,0.0
2025-04-02,ETHA,-20.2
2025-04-03,ETHA,0.0
2025-04-04,ETHA,0.0
2025-04-05,ETHA,0.0
2025-04-06,ETHA,0.0
2025-04-07,ETHA,0.0
2025-04-08,ETHA,0.0
2025-04-09,ETHA,-5.5
2025-04-10,ETHA,6.4
2025-04-11,ETHA,0.0
2025-04-12,ETHA,0.0
2025-04-13,ETHA,0.0
2025-04-14,ETHA,0.0
2025-04-15,ETHA,0.0
2025-04-16,ETHA,-4.3
2025-04-17,ETHA,0.0
2025-04-18,ETHA,0.0
2025-04-19,ETHA,0.0
2025-04-20,ETHA,0.0
2025-04-21,ETHA,0.0
2025-04-22,ETHA,0.0
2025-04-23,ETHA,-30.3
2025-04-24,ETHA,40.0
2025-04-25,ETHA,54.4
2025-04-26,ETHA,0.0
2025-04-27,ETHA,0.0
2025-04-28,ETHA,67.5
2025-04-29,ETHA,0.0
2025-04-30,ETHA,0.0
2025-05-01,ETHA,0.0
2025-05-02,ETHA,20.1
2025-05-03,ETHA,0.0
2025-05-04,ETHA,0.0
2025-05-05,ETHA,0.0
2025-05-06,ETHA,0.0
2025-05-07,ETHA,-21.8
2025-05-08,ETHA,0.0
2025-05-09,ETHA,17.6
2025-05-10,ETHA,0.0
2025-05-11,ETHA,0.0
2025-05-12,ETHA,0.0
2025-05-13,ETHA,0.0
2025-05-14,ETHA,57.6
2025-05-15,ETHA,8.4
2025-05-16,ETHA,0.0
2025-05-17,ETHA,0.0
2025-05-18,ETHA,0.0
2025-05-19,ETHA,13.7
2025-05-20,ETHA,45.0
2025-05-21,ETHA,24.9
2025-05-22,ETHA,0.0
2025-05-23,ETHA,52.8
2025-05-24,ETHA,0.0
2025-05-25,ETHA,0.0
2025-05-26,ETHA,0.0
2025-05-27,ETHA,32.5
2025-05-28,ETHA,52.7
2025-05-29,ETHA,50.4
2025-05-30,ETHA,70.2
2025-05-31,ETHA,0.0
2025-06-01,ETHA,0.0
2025-06-02,ETHA,48.4
2025-06-03,ETHA,77.1
2025-06-04,ETHA,73.2
2025-06-05,ETHA,34.7
2025-06-06,ETHA,15.9
2025-06-07,ETHA,0.0
2025-06-08,ETHA,0.0
2025-06-09,ETHA,35.2
2025-06-10,ETHA,80.6
2025-06-11,ETHA,163.6
2025-06-12,ETHA,101.5
2025-06-13,ETHA,0.0
2025-06-14,ETHA,0.0
2025-06-15,ETHA,0.0
2025-06-16,ETHA,16.1
2025-06-17,ETHA,36.7
2025-06-18,ETHA,15.1
2025-06-19,ETHA,0.0
2025-06-20,ETHA,-19.7
2025-06-21,ETHA,0.0
2025-06-22,ETHA,0.0
2025-06-23,ETHA,25.8
2025-06-24,ETHA,98.0
2025-06-25,ETHA,55.2
2025-06-26,ETHA,5.9
2025-06-27,ETHA,48.1
2025-06-28,ETHA,0.0
2025-06-29,ETHA,0.0
2025-06-30,ETHA,6.1
2025-07-01,ETHA,54.8
2025-07-02,ETHA,-46.9
2025-07-03,ETHA,85.4
2025-07-04,ETHA,0.0
2025-07-05,ETHA,0.0
2025-07-06,ETHA,0.0
2025-07-07,ETHA,53.2
2025-07-08,ETHA,25.3
2025-07-09,ETHA,158.6
2025-07-10,ETHA,300.9
2025-07-11,ETHA,137.1
2025-07-12,ETHA,0.0
2025-07-13,ETHA,0.0
2025-07-14,ETHA,151.4
2025-07-15,ETHA,171.5
2025-07-16,ETHA,499.2
2025-07-17,ETHA,546.7
2025-07-18,ETHA,394.9
2025-07-19,ETHA,0.0
2025-07-20,ETHA,0.0
2025-07-21,ETHA,102.0
2025-07-22,ETHA,426.2
2025-07-23,ETHA,324.6
2025-07-24,ETHA,0.0
2025-07-25,ETHA,440.1
2025-07-26,ETHA,0.0
2025-07-27,ETHA,0.0
2025-07-28,ETHA,132.0
2025-07-29,ETHA,223.7
2025-07-30,ETHA,20.3
2025-07-31,ETHA,18.2
2025-08-01,ETHA,0.0
2025-08-02,ETHA,0.0
2025-08-03,ETHA,0.0
2025-08-04,ETHA,-375.0
2025-08-05,ETHA,88.8
2025-08-06,ETHA,33.4
2025-08-07,ETHA,103.5
2025-08-08,ETHA,254.7
2025-08-09,ETHA,0.0
2025-08-10,ETHA,0.0
2025-08-11,ETHA,639.8
2025-08-12,ETHA,318.7
2025-08-13,ETHA,500.9
2025-08-14,ETHA,519.7
2025-08-15,ETHA,338.1
2025-08-16,ETHA,0.0
2025-08-17,ETHA,0.0
2025-08-18,ETHA,-87.2
2025-08-19,ETHA,-6.3
2025-08-20,ETHA,-257.8
2025-08-21,ETHA,233.6
2025-08-22,ETHA,109.4
2025-08-23,ETHA,0.0
2025-08-24,ETHA,0.0
2025-08-25,ETHA,314.9
2025-08-26,ETHA,323.1
2025-08-27,ETHA,262.6
2025-08-28,ETHA,67.6
2025-08-29,ETHA,0.0
2024-07-23,FETH,71.3
2024-07-24,FETH,74.5
2024-07-25,FETH,34.3
2024-07-26,FETH,39.3
2024-07-27,FETH,0.0
2024-07-28,FETH,0.0
2024-07-29,FETH,24.8
2024-07-30,FETH,16.4
2024-07-31,FETH,18.8
2024-08-01,FETH,11.7
2024-08-02,FETH,6.0
2024-08-03,FETH,0.0
2024-08-04,FETH,0.0
2024-08-05,FETH,16.2
2024-08-06,FETH,22.5
2024-08-07,FETH,4.7
2024-08-08,FETH,-2.6
2024-08-09,FETH,3.9
2024-08-10,FETH,0.0
2024-08-11,FETH,0.0
2024-08-12,FETH,4.0
2024-08-13,FETH,5.4
2024-08-14,FETH,6.6
2024-08-15,FETH,2.5
2024-08-16,FETH,7.2
2024-08-17,FETH,0.0
2024-08-18,FETH,0.0
2024-08-19,FETH,0.0
2024-08-20,FETH,0.0
2024-08-21,FETH,7.9
2024-08-22,FETH,14.3
2024-08-23,FETH,0.7
2024-08-24,FETH,0.0
2024-08-25,FETH,0.0
2024-08-26,FETH,-2.7
2024-08-27,FETH,3.9
2024-08-28,FETH,1.3
2024-08-29,FETH,0.0
2024-08-30,FETH,0.0
2024-08-31,FETH,0.0
2024-09-01,FETH,0.0
2024-09-02,FETH,0.0
2024-09-03,FETH,4.9
2024-09-04,FETH,0.0
2024-09-05,FETH,0.0
2024-09-06,FETH,0.0
2024-09-07,FETH,0.0
2024-09-08,FETH,0.0
2024-09-09,FETH,7.6
2024-09-10,FETH,7.1
2024-09-11,FETH,1.2
2024-09-12,FETH,0.0
2024-09-13,FETH,0.0
2024-09-14,FETH,0.0
2024-09-15,FETH,0.0
2024-09-16,FETH,0.0
2024-09-17,FETH,0.0
2024-09-18,FETH,0.0
2024-09-19,FETH,0.0
2024-09-20,FETH,0.0
2024-09-21,FETH,0.0
2024-09-22,FETH,0.0
2024-09-23,FETH,0.0
2024-09-24,FETH,0.0
2024-09-25,FETH,6.4
2024-09-26,FETH,15.9
2024-09-27,FETH,42.5
2024-09-28,FETH,0.0
2024-09-29,FETH,0.0
2024-09-30,FETH,0.0
2024-10-01,FETH,-25.0
2024-10-02,FETH,0.0
2024-10-03,FETH,-0.6
2024-10-04,FETH,0.0
2024-10-05,FETH,0.0
2024-10-06,FETH,0.0
2024-10-07,FETH,0.0
2024-10-08,FETH,-3.6
2024-10-09,FETH,0.0
2024-10-10,FETH,-3.5
2024-10-11,FETH,8.6
2024-10-12,FETH,0.0
2024-10-13,FETH,0.0
2024-10-14,FETH,1.3
2024-10-15,FETH,2.6
2024-10-16,FETH,8.5
2024-10-17,FETH,31.1
2024-10-18,FETH,0.0
2024-10-19,FETH,0.0
2024-10-20,FETH,0.0
2024-10-21,FETH,0.0
2024-10-22,FETH,0.0
2024-10-23,FETH,6.2
2024-10-24,FETH,0.0
2024-10-25,FETH,0.0
2024-10-26,FETH,0.0
2024-10-27,FETH,0.0
2024-10-28,FETH,5.0
2024-10-29,FETH,0.0
2024-10-30,FETH,5.3
2024-10-31,FETH,0.0
2024-11-01,FETH,0.0
2024-11-02,FETH,0.0
2024-11-03,FETH,0.0
2024-11-04,FETH,-31.5
2024-11-05,FETH,0.0
2024-11-06,FETH,26.9
2024-11-07,FETH,28.9
2024-11-08,FETH,18.4
2024-11-09,FETH,0.0
2024-11-10,FETH,0.0
2024-11-11,FETH,115.5
2024-11-12,FETH,0.0
2024-11-13,FETH,101.7
2024-11-14,FETH,0.0
2024-11-15,FETH,-18.4
2024-11-16,FETH,0.0
2024-11-17,FETH,0.0
2024-11-18,FETH,3.2
2024-11-19,FETH,-46.7
2024-11-20,FETH,-30.7
2024-11-21,FETH,16.8
2024-11-22,FETH,5.8
2024-11-23,FETH,0.0
2024-11-24,FETH,0.0
2024-11-25,FETH,4.4
2024-11-26,FETH,-1.7
2024-11-27,FETH,38.0
2024-11-28,FETH,0.0
2024-11-29,FETH,79.1
2024-11-30,FETH,0.0
2024-12-01,FETH,0.0
2024-12-02,FETH,19.9
2024-12-03,FETH,73.7
2024-12-04,FETH,40.7
2024-12-05,FETH,113.6
2024-12-06,FETH,47.9
2024-12-07,FETH,0.0
2024-12-08,FETH,0.0
2024-12-09,FETH,30.1
2024-12-10,FETH,202.2
2024-12-11,FETH,0.0
2024-12-12,FETH,19.4
2024-12-13,FETH,6.9
2024-12-14,FETH,0.0
2024-12-15,FETH,0.0
2024-12-16,FETH,4.1
2024-12-17,FETH,3.9
2024-12-18,FETH,0.0
2024-12-19,FETH,5.1
2024-12-20,FETH,13.0
2024-12-21,FETH,0.0
2024-12-22,FETH,0.0
2024-12-23,FETH,46.4
2024-12-24,FETH,3.5
2024-12-25,FETH,0.0
2024-12-26,FETH,83.0
2024-12-27,FETH,27.5
2024-12-28,FETH,0.0
2024-12-29,FETH,0.0
2024-12-30,FETH,-20.4
2024-12-31,FETH,31.8
2025-01-01,FETH,0.0
2025-01-02,FETH,0.0
2025-01-03,FETH,27.1
2025-01-04,FETH,0.0
2025-01-05,FETH,0.0
2025-01-06,FETH,4.6
2025-01-07,FETH,-67.6
2025-01-08,FETH,-147.7
2025-01-09,FETH,0.0
2025-01-10,FETH,-65.4
2025-01-11,FETH,0.0
2025-01-12,FETH,0.0
2025-01-13,FETH,0.0
2025-01-14,FETH,0.0
2025-01-15,FETH,29.3
2025-01-16,FETH,70.0
2025-01-17,FETH,14.0
2025-01-18,FETH,0.0
2025-01-19,FETH,0.0
2025-01-20,FETH,0.0
2025-01-21,FETH,3.3
2025-01-22,FETH,9.0
2025-01-23,FETH,7.3
2025-01-24,FETH,0.0
2025-01-25,FETH,0.0
2025-01-26,FETH,0.0
2025-01-27,FETH,-68.5
2025-01-28,FETH,0.0
2025-01-29,FETH,5.5
2025-01-30,FETH,15.4
2025-01-31,FETH,0.0
2025-02-01,FETH,0.0
2025-02-02,FETH,0.0
2025-02-03,FETH,49.7
2025-02-04,FETH,27.5
2025-02-05,FETH,20.1
2025-02-06,FETH,0.0
2025-02-07,FETH,0.0
2025-02-08,FETH,0.0
2025-02-09,FETH,0.0
2025-02-10,FETH,0.0
2025-02-11,FETH,0.0
2025-02-12,FETH,-10.7
2025-02-13,FETH,4.6
2025-02-14,FETH,11.7
2025-02-15,FETH,0.0
2025-02-16,FETH,0.0
2025-02-17,FETH,0.0
2025-02-18,FETH,4.6
2025-02-19,FETH,24.5
2025-02-20,FETH,-2.8
2025-02-21,FETH,0.0
2025-02-22,FETH,0.0
2025-02-23,FETH,0.0
2025-02-24,FETH,0.0
2025-02-25,FETH,-12.5
2025-02-26,FETH,-18.4
2025-02-27,FETH,-25.5
2025-02-28,FETH,0.0
2025-03-01,FETH,0.0
2025-03-02,FETH,0.0
2025-03-03,FETH,0.0
2025-03-04,FETH,21.7
2025-03-05,FETH,0.0
2025-03-06,FETH,0.0
2025-03-07,FETH,-11.9
2025-03-08,FETH,0.0
2025-03-09,FETH,0.0
2025-03-10,FETH,-23.7
2025-03-11,FETH,-9.8
2025-03-12,FETH,-3.7
2025-03-13,FETH,-12.5
2025-03-14,FETH,-11.6
2025-03-15,FETH,0.0
2025-03-16,FETH,0.0
2025-03-17,FETH,0.0
2025-03-18,FETH,-3.3
2025-03-19,FETH,-2.0
2025-03-20,FETH,-3.5
2025-03-21,FETH,0.0
2025-03-22,FETH,0.0
2025-03-23,FETH,0.0
2025-03-24,FETH,0.0
2025-03-25,FETH,0.0
2025-03-26,FETH,-1.0
2025-03-27,FETH,-2.0
2025-03-28,FETH,0.0
2025-03-29,FETH,0.0
2025-03-30,FETH,0.0
2025-03-31,FETH,6.4
2025-04-01,FETH,0.0
2025-04-02,FETH,0.0
2025-04-03,FETH,0.0
2025-04-04,FETH,0.0
2025-04-05,FETH,0.0
2025-04-06,FETH,0.0
2025-04-07,FETH,0.0
2025-04-08,FETH,-3.3
2025-04-09,FETH,-5.7
2025-04-10,FETH,-36.0
2025-04-11,FETH,0.0
2025-04-12,FETH,0.0
2025-04-13,FETH,0.0
2025-04-14,FETH,-7.8
2025-04-15,FETH,-3.6
2025-04-16,FETH,0.0
2025-04-17,FETH,0.0
2025-04-18,FETH,0.0
2025-04-19,FETH,0.0
2025-04-20,FETH,0.0
2025-04-21,FETH,0.0
2025-04-22,FETH,32.7
2025-04-23,FETH,0.0
2025-04-24,FETH,0.0
2025-04-25,FETH,35.9
2025-04-26,FETH,0.0
2025-04-27,FETH,0.0
2025-04-28,FETH,0.0
2025-04-29,FETH,25.5
2025-04-30,FETH,5.8
2025-05-01,FETH,6.5
2025-05-02,FETH,0.0
2025-05-03,FETH,0.0
2025-05-04,FETH,0.0
2025-05-05,FETH,0.0
2025-05-06,FETH,-17.9
2025-05-07,FETH,0.0
2025-05-08,FETH,-19.3
2025-05-09,FETH,0.0
2025-05-10,FETH,0.0
2025-05-11,FETH,0.0
2025-05-12,FETH,-8.0
2025-05-13,FETH,0.0
2025-05-14,FETH,5.9
2025-05-15,FETH,-31.6
2025-05-16,FETH,13.6
2025-05-17,FETH,0.0
2025-05-18,FETH,0.0
2025-05-19,FETH,0.0
2025-05-20,FETH,19.8
2025-05-21,FETH,-24.3
2025-05-22,FETH,42.2
2025-05-23,FETH,0.0
2025-05-24,FETH,0.0
2025-05-25,FETH,0.0
2025-05-26,FETH,0.0
2025-05-27,FETH,3.4
2025-05-28,FETH,25.7
2025-05-29,FETH,38.3
2025-05-30,FETH,0.0
2025-05-31,FETH,0.0
2025-06-01,FETH,0.0
2025-06-02,FETH,29.8
2025-06-03,FETH,21.0
2025-06-04,FETH,-23.6
2025-06-05,FETH,-23.4
2025-06-06,FETH,0.0
2025-06-07,FETH,0.0
2025-06-08,FETH,0.0
2025-06-09,FETH,12.9
2025-06-10,FETH,26.3
2025-06-11,FETH,37.3
2025-06-12,FETH,10.8
2025-06-13,FETH,-8.8
2025-06-14,FETH,0.0
2025-06-15,FETH,0.0
2025-06-16,FETH,5.3
2025-06-17,FETH,-20.2
2025-06-18,FETH,0.0
2025-06-19,FETH,0.0
2025-06-20,FETH,0.0
2025-06-21,FETH,0.0
2025-06-22,FETH,0.0
2025-06-23,FETH,60.5
2025-06-24,FETH,-26.7
2025-06-25,FETH,0.0
2025-06-26,FETH,4.9
2025-06-27,FETH,28.9
2025-06-28,FETH,0.0
2025-06-29,FETH,0.0
2025-06-30,FETH,25.7
2025-07-01,FETH,-24.1
2025-07-02,FETH,25.8
2025-07-03,FETH,64.6
2025-07-04,FETH,0.0
2025-07-05,FETH,0.0
2025-07-06,FETH,0.0
2025-07-07,FETH,8.9
2025-07-08,FETH,-0.7
2025-07-09,FETH,29.5
2025-07-10,FETH,37.3
2025-07-11,FETH,12.0
2025-07-12,FETH,0.0
2025-07-13,FETH,0.0
2025-07-14,FETH,31.4
2025-07-15,FETH,12.2
2025-07-16,FETH,113.3
2025-07-17,FETH,17.2
2025-07-18,FETH,-45.4
2025-07-19,FETH,0.0
2025-07-20,FETH,0.0
2025-07-21,FETH,126.9
2025-07-22,FETH,35.0
2025-07-23,FETH,3.6
2025-07-24,FETH,210.1
2025-07-25,FETH,7.3
2025-07-26,FETH,0.0
2025-07-27,FETH,0.0
2025-07-28,FETH,-49.2
2025-07-29,FETH,0.0
2025-07-30,FETH,-22.3
2025-07-31,FETH,5.6
2025-08-01,FETH,-6.2
2025-08-02,FETH,0.0
2025-08-03,FETH,0.0
2025-08-04,FETH,-55.1
2025-08-05,FETH,0.0
2025-08-06,FETH,0.0
2025-08-07,FETH,31.8
2025-08-08,FETH,132.3
2025-08-09,FETH,0.0
2025-08-10,FETH,0.0
2025-08-11,FETH,276.9
2025-08-12,FETH,144.9
2025-08-13,FETH,154.7
2025-08-14,FETH,56.9
2025-08-15,FETH,-272.2
2025-08-16,FETH,0.0
2025-08-17,FETH,0.0
2025-08-18,FETH,-78.4
2025-08-19,FETH,-156.3
2025-08-20,FETH,8.6
2025-08-21,FETH,28.5
2025-08-22,FETH,117.9
2025-08-23,FETH,0.0
2025-08-24,FETH,0.0
2025-08-25,FETH,87.4
2025-08-26,FETH,85.5
2025-08-27,FETH,20.5
2025-08-28,FETH,-33.5
2025-08-29,FETH,-51.0
2024-07-23,ETHW,204.0
2024-07-24,ETHW,29.6
2024-07-25,ETHW,16.3
2024-07-26,ETHW,16.0
2024-07-27,ETHW,0.0
2024-07-28,ETHW,0.0
2024-07-29,ETHW,10.4
2024-07-30,ETHW,3.5
2024-07-31,ETHW,4.7
2024-08-01,ETHW,3.4
2024-08-02,ETHW,0.0
2024-08-03,ETHW,0.0
2024-08-04,ETHW,0.0
2024-08-05,ETHW,7.2
2024-08-06,ETHW,0.0
2024-08-07,ETHW,1.7
2024-08-08,ETHW,2.8
2024-08-09,ETHW,0.0
2024-08-10,ETHW,0.0
2024-08-11,ETHW,0.0
2024-08-12,ETHW,2.9
2024-08-13,ETHW,0.0
2024-08-14,ETHW,2.7
2024-08-15,ETHW,0.0
2024-08-16,ETHW,0.0
2024-08-17,ETHW,0.0
2024-08-18,ETHW,0.0
2024-08-19,ETHW,1.9
2024-08-20,ETHW,3.7
2024-08-21,ETHW,0.0
2024-08-22,ETHW,0.0
2024-08-23,ETHW,1.4
2024-08-24,ETHW,0.0
2024-08-25,ETHW,0.0
2024-08-26,ETHW,0.0
2024-08-27,ETHW,1.9
2024-08-28,ETHW,0.0
2024-08-29,ETHW,0.0
2024-08-30,ETHW,0.0
2024-08-31,ETHW,0.0
2024-09-01,ETHW,0.0
2024-09-02,ETHW,0.0
2024-09-03,ETHW,0.0
2024-09-04,ETHW,0.0
2024-09-05,ETHW,0.0
2024-09-06,ETHW,0.0
2024-09-07,ETHW,0.0
2024-09-08,ETHW,0.0
2024-09-09,ETHW,1.8
2024-09-10,ETHW,0.0
2024-09-11,ETHW,0.0
2024-09-12,ETHW,0.0
2024-09-13,ETHW,5.2
2024-09-14,ETHW,0.0
2024-09-15,ETHW,0.0
2024-09-16,ETHW,-2.1
2024-09-17,ETHW,0.0
2024-09-18,ETHW,0.0
2024-09-19,ETHW,0.0
2024-09-20,ETHW,0.0
2024-09-21,ETHW,0.0
2024-09-22,ETHW,0.0
2024-09-23,ETHW,1.3
2024-09-24,ETHW,0.0
2024-09-25,ETHW,0.0
2024-09-26,ETHW,1.0
2024-09-27,ETHW,5.4
2024-09-28,ETHW,0.0
2024-09-29,ETHW,0.0
2024-09-30,ETHW,0.0
2024-10-01,ETHW,-0.9
2024-10-02,ETHW,0.0
2024-10-03,ETHW,0.0
2024-10-04,ETHW,0.9
2024-10-05,ETHW,0.0
2024-10-06,ETHW,0.0
2024-10-07,ETHW,0.0
2024-10-08,ETHW,-4.5
2024-10-09,ETHW,0.0
2024-10-10,ETHW,-4.2
2024-10-11,ETHW,0.0
2024-10-12,ETHW,0.0
2024-10-13,ETHW,0.0
2024-10-14,ETHW,0.0
2024-10-15,ETHW,0.0
2024-10-16,ETHW,0.0
2024-10-17,ETHW,1.5
2024-10-18,ETHW,1.9
2024-10-19,ETHW,0.0
2024-10-20,ETHW,0.0
2024-10-21,ETHW,0.0
2024-10-22,ETHW,0.0
2024-10-23,ETHW,0.0
2024-10-24,ETHW,0.0
2024-10-25,ETHW,0.0
2024-10-26,ETHW,0.0
2024-10-27,ETHW,0.0
2024-10-28,ETHW,0.0
2024-10-29,ETHW,0.0
2024-10-30,ETHW,-3.6
2024-10-31,ETHW,0.0
2024-11-01,ETHW,0.0
2024-11-02,ETHW,0.0
2024-11-03,ETHW,0.0
2024-11-04,ETHW,0.0
2024-11-05,ETHW,0.0
2024-11-06,ETHW,0.0
2024-11-07,ETHW,6.6
2024-11-08,ETHW,3.4
2024-11-09,ETHW,0.0
2024-11-10,ETHW,0.0
2024-11-11,ETHW,15.6
2024-11-12,ETHW,17.0
2024-11-13,ETHW,13.0
2024-11-14,ETHW,0.0
2024-11-15,ETHW,0.0
2024-11-16,ETHW,0.0
2024-11-17,ETHW,0.0
2024-11-18,ETHW,0.0
2024-11-19,ETHW,0.0
2024-11-20,ETHW,0.0
2024-11-21,ETHW,2.9
2024-11-22,ETHW,5.0
2024-11-23,ETHW,0.0
2024-11-24,ETHW,0.0
2024-11-25,ETHW,8.7
2024-11-26,ETHW,0.0
2024-11-27,ETHW,1.6
2024-11-28,ETHW,0.0
2024-11-29,ETHW,0.0
2024-11-30,ETHW,0.0
2024-12-01,ETHW,0.0
2024-12-02,ETHW,0.0
2024-12-03,ETHW,0.0
2024-12-04,ETHW,0.0
2024-12-05,ETHW,6.6
2024-12-06,ETHW,13.4
2024-12-07,ETHW,0.0
2024-12-08,ETHW,0.0
2024-12-09,ETHW,-13.0
2024-12-10,ETHW,0.0
2024-12-11,ETHW,8.2
2024-12-12,ETHW,0.0
2024-12-13,ETHW,0.0
2024-12-14,ETHW,0.0
2024-12-15,ETHW,0.0
2024-12-16,ETHW,8.7
2024-12-17,ETHW,0.0
2024-12-18,ETHW,-14.6
2024-12-19,ETHW,-6.8
2024-12-20,ETHW,0.0
2024-12-21,ETHW,0.0
2024-12-22,ETHW,0.0
2024-12-23,ETHW,1.0
2024-12-24,ETHW,6.2
2024-12-25,ETHW,0.0
2024-12-26,ETHW,0.0
2024-12-27,ETHW,0.0
2024-12-28,ETHW,0.0
2024-12-29,ETHW,0.0
2024-12-30,ETHW,0.0
2024-12-31,ETHW,0.0
2025-01-01,ETHW,0.0
2025-01-02,ETHW,-56.1
2025-01-03,ETHW,0.0
2025-01-04,ETHW,0.0
2025-01-05,ETHW,0.0
2025-01-06,ETHW,0.0
2025-01-07,ETHW,0.0
2025-01-08,ETHW,0.0
2025-01-09,ETHW,0.0
2025-01-10,ETHW,-3.1
2025-01-11,ETHW,0.0
2025-01-12,ETHW,0.0
2025-01-13,ETHW,0.0
2025-01-14,ETHW,1.2
2025-01-15,ETHW,0.0
2025-01-16,ETHW,0.0
2025-01-17,ETHW,2.5
2025-01-18,ETHW,0.0
2025-01-19,ETHW,0.0
2025-01-20,ETHW,0.0
2025-01-21,ETHW,3.1
2025-01-22,ETHW,0.0
2025-01-23,ETHW,-3.0
2025-01-24,ETHW,6.0
2025-01-25,ETHW,0.0
2025-01-26,ETHW,0.0
2025-01-27,ETHW,-4.2
2025-01-28,ETHW,0.0
2025-01-29,ETHW,-4.0
2025-01-30,ETHW,0.0
2025-01-31,ETHW,0.0
2025-02-01,ETHW,0.0
2025-02-02,ETHW,0.0
2025-02-03,ETHW,0.0
2025-02-04,ETHW,4.1
2025-02-05,ETHW,0.0
2025-02-06,ETHW,0.0
2025-02-07,ETHW,0.0
2025-02-08,ETHW,0.0
2025-02-09,ETHW,0.0
2025-02-10,ETHW,0.0
2025-02-11,ETHW,0.0
2025-02-12,ETHW,0.0
2025-02-13,ETHW,0.0
2025-02-14,ETHW,0.0
2025-02-15,ETHW,0.0
2025-02-16,ETHW,0.0
2025-02-17,ETHW,0.0
2025-02-18,ETHW,0.0
2025-02-19,ETHW,0.0
2025-02-20,ETHW,0.0
2025-02-21,ETHW,-8.9
2025-02-22,ETHW,0.0
2025-02-23,ETHW,0.0
2025-02-24,ETHW,-9.7
2025-02-25,ETHW,-8.2
2025-02-26,ETHW,-2.8
2025-02-27,ETHW,0.0
2025-02-28,ETHW,0.0
2025-03-01,ETHW,0.0
2025-03-02,ETHW,0.0
2025-03-03,ETHW,4.0
2025-03-04,ETHW,0.0
2025-03-05,ETHW,0.0
2025-03-06,ETHW,0.0
2025-03-07,ETHW,0.0
2025-03-08,ETHW,0.0
2025-03-09,ETHW,0.0
2025-03-10,ETHW,-1.6
2025-03-11,ETHW,0.0
2025-03-12,ETHW,0.0
2025-03-13,ETHW,0.0
2025-03-14,ETHW,0.0
2025-03-15,ETHW,0.0
2025-03-16,ETHW,0.0
2025-03-17,ETHW,0.0
2025-03-18,ETHW,0.0
2025-03-19,ETHW,0.0
2025-03-20,ETHW,0.0
2025-03-21,ETHW,0.0
2025-03-22,ETHW,0.0
2025-03-23,ETHW,0.0
2025-03-24,ETHW,0.0
2025-03-25,ETHW,0.0
2025-03-26,ETHW,0.0
2025-03-27,ETHW,0.0
2025-03-28,ETHW,0.0
2025-03-29,ETHW,0.0
2025-03-30,ETHW,0.0
2025-03-31,ETHW,0.0
2025-04-01,ETHW,-2.6
2025-04-02,ETHW,0.0
2025-04-03,ETHW,-3.6
2025-04-04,ETHW,0.0
2025-04-05,ETHW,0.0
2025-04-06,ETHW,0.0
2025-04-07,ETHW,0.0
2025-04-08,ETHW,0.0
2025-04-09,ETHW,0.0
2025-04-10,ETHW,-2.5
2025-04-11,ETHW,-3.1
2025-04-12,ETHW,0.0
2025-04-13,ETHW,0.0
2025-04-14,ETHW,0.0
2025-04-15,ETHW,0.0
2025-04-16,ETHW,0.0
2025-04-17,ETHW,0.0
2025-04-18,ETHW,0.0
2025-04-19,ETHW,0.0
2025-04-20,ETHW,0.0
2025-04-21,ETHW,0.0
2025-04-22,ETHW,6.1
2025-04-23,ETHW,0.0
2025-04-24,ETHW,5.1
2025-04-25,ETHW,1.8
2025-04-26,ETHW,0.0
2025-04-27,ETHW,0.0
2025-04-28,ETHW,-3.4
2025-04-29,ETHW,0.0
2025-04-30,ETHW,-1.0
2025-05-01,ETHW,0.0
2025-05-02,ETHW,0.0
2025-05-03,ETHW,0.0
2025-05-04,ETHW,0.0
2025-05-05,ETHW,0.0
2025-05-06,ETHW,0.0
2025-05-07,ETHW,0.0
2025-05-08,ETHW,0.0
2025-05-09,ETHW,0.0
2025-05-10,ETHW,0.0
2025-05-11,ETHW,0.0
2025-05-12,ETHW,0.0
2025-05-13,ETHW,0.0
2025-05-14,ETHW,0.0
2025-05-15,ETHW,0.0
2025-05-16,ETHW,0.0
2025-05-17,ETHW,0.0
2025-05-18,ETHW,0.0
2025-05-19,ETHW,0.0
2025-05-20,ETHW,0.0
2025-05-21,ETHW,0.0
2025-05-22,ETHW,5.7
2025-05-23,ETHW,0.0
2025-05-24,ETHW,0.0
2025-05-25,ETHW,0.0
2025-05-26,ETHW,0.0
2025-05-27,ETHW,0.0
2025-05-28,ETHW,0.0
2025-05-29,ETHW,4.6
2025-05-30,ETHW,0.0
2025-05-31,ETHW,0.0
2025-06-01,ETHW,0.0
2025-06-02,ETHW,0.0
2025-06-03,ETHW,0.0
2025-06-04,ETHW,0.0
2025-06-05,ETHW,0.0
2025-06-06,ETHW,0.0
2025-06-07,ETHW,0.0
2025-06-08,ETHW,0.0
2025-06-09,ETHW,0.0
2025-06-10,ETHW,8.4
2025-06-11,ETHW,6.5
2025-06-12,ETHW,0.0
2025-06-13,ETHW,0.0
2025-06-14,ETHW,0.0
2025-06-15,ETHW,0.0
2025-06-16,ETHW,0.0
2025-06-17,ETHW,3.6
2025-06-18,ETHW,0.0
2025-06-19,ETHW,0.0
2025-06-20,ETHW,0.0
2025-06-21,ETHW,0.0
2025-06-22,ETHW,0.0
2025-06-23,ETHW,0.0
2025-06-24,ETHW,0.0
2025-06-25,ETHW,5.2
2025-06-26,ETHW,2.6
2025-06-27,ETHW,0.0
2025-06-28,ETHW,0.0
2025-06-29,ETHW,0.0
2025-06-30,ETHW,0.0
2025-07-01,ETHW,0.0
2025-07-02,ETHW,8.3
2025-07-03,ETHW,0.0
2025-07-04,ETHW,0.0
2025-07-05,ETHW,0.0
2025-07-06,ETHW,0.0
2025-07-07,ETHW,0.0
2025-07-08,ETHW,4.9
2025-07-09,ETHW,0.0
2025-07-10,ETHW,3.2
2025-07-11,ETHW,8.6
2025-07-12,ETHW,0.0
2025-07-13,ETHW,0.0
2025-07-14,ETHW,11.2
2025-07-15,ETHW,0.0
2025-07-16,ETHW,14.4
2025-07-17,ETHW,4.4
2025-07-18,ETHW,13.0
2025-07-19,ETHW,0.0
2025-07-20,ETHW,0.0
2025-07-21,ETHW,13.1
2025-07-22,ETHW,0.0
2025-07-23,ETHW,0.0
2025-07-24,ETHW,11.5
2025-07-25,ETHW,10.0
2025-07-26,ETHW,0.0
2025-07-27,ETHW,0.0
2025-07-28,ETHW,0.0
2025-07-29,ETHW,0.0
2025-07-30,ETHW,0.0
2025-07-31,ETHW,0.0
2025-08-01,ETHW,-40.3
2025-08-02,ETHW,0.0
2025-08-03,ETHW,0.0
2025-08-04,ETHW,0.0
2025-08-05,ETHW,0.0
2025-08-06,ETHW,0.0
2025-08-07,ETHW,24.8
2025-08-08,ETHW,7.8
2025-08-09,ETHW,0.0
2025-08-10,ETHW,0.0
2025-08-11,ETHW,4.3
2025-08-12,ETHW,0.0
2025-08-13,ETHW,10.8
2025-08-14,ETHW,0.0
2025-08-15,ETHW,-15.8
2025-08-16,ETHW,0.0
2025-08-17,ETHW,0.0
2025-08-18,ETHW,-0.9
2025-08-19,ETHW,-39.8
2025-08-20,ETHW,0.0
2025-08-21,ETHW,7.0
2025-08-22,ETHW,36.3
2025-08-23,ETHW,0.0
2025-08-24,ETHW,0.0
2025-08-25,ETHW,9.7
2025-08-26,ETHW,0.0
2025-08-27,ETHW,0.0
2025-08-28,ETHW,-1.3
2025-08-29,ETHW,-23.7
2024-07-23,TETH,7.5
2024-07-24,TETH,0.0
2024-07-25,TETH,0.0
2024-07-26,TETH,0.0
2024-07-27,TETH,0.0
2024-07-28,TETH,0.0
2024-07-29,TETH,0.0
2024-07-30,TETH,0.0
2024-07-31,TETH,3.3
2024-08-01,TETH,0.0
2024-08-02,TETH,0.0
2024-08-03,TETH,0.0
2024-08-04,TETH,0.0
2024-08-05,TETH,0.0
2024-08-06,TETH,0.0
2024-08-07,TETH,0.0
2024-08-08,TETH,0.0
2024-08-09,TETH,0.0
2024-08-10,TETH,0.0
2024-08-11,TETH,0.0
2024-08-12,TETH,0.0
2024-08-13,TETH,0.0
2024-08-14,TETH,0.0
2024-08-15,TETH,0.0
2024-08-16,TETH,0.0
2024-08-17,TETH,0.0
2024-08-18,TETH,0.0
2024-08-19,TETH,0.0
2024-08-20,TETH,0.0
2024-08-21,TETH,0.0
2024-08-22,TETH,0.0
2024-08-23,TETH,0.0
2024-08-24,TETH,0.0
2024-08-25,TETH,0.0
2024-08-26,TETH,0.0
2024-08-27,TETH,0.0
2024-08-28,TETH,0.0
2024-08-29,TETH,0.0
2024-08-30,TETH,0.0
2024-08-31,TETH,0.0
2024-09-01,TETH,0.0
2024-09-02,TETH,0.0
2024-09-03,TETH,0.0
2024-09-04,TETH,0.0
2024-09-05,TETH,0.0
2024-09-06,TETH,0.0
2024-09-07,TETH,0.0
2024-09-08,TETH,0.0
2024-09-09,TETH,0.0
2024-09-10,TETH,0.0
2024-09-11,TETH,0.0
2024-09-12,TETH,0.0
2024-09-13,TETH,0.0
2024-09-14,TETH,0.0
2024-09-15,TETH,0.0
2024-09-16,TETH,0.0
2024-09-17,TETH,0.0
2024-09-18,TETH,0.0
2024-09-19,TETH,0.0
2024-09-20,TETH,0.0
2024-09-21,TETH,0.0
2024-09-22,TETH,0.0
2024-09-23,TETH,0.0
2024-09-24,TETH,0.0
2024-09-25,TETH,0.8
2024-09-26,TETH,0.7
2024-09-27,TETH,1.4
2024-09-28,TETH,0.0
2024-09-29,TETH,0.0
2024-09-30,TETH,0.0
2024-10-01,TETH,1.2
2024-10-02,TETH,0.0
2024-10-03,TETH,0.0
2024-10-04,TETH,0.0
2024-10-05,TETH,0.0
2024-10-06,TETH,0.0
2024-10-07,TETH,0.0
2024-10-08,TETH,0.0
2024-10-09,TETH,0.0
2024-10-10,TETH,0.0
2024-10-11,TETH,0.0
2024-10-12,TETH,0.0
2024-10-13,TETH,0.0
2024-10-14,TETH,0.4
2024-10-15,TETH,0.0
2024-10-16,TETH,0.0
2024-10-17,TETH,2.3
2024-10-18,TETH,0.0
2024-10-19,TETH,0.0
2024-10-20,TETH,0.0
2024-10-21,TETH,0.0
2024-10-22,TETH,0.0
2024-10-23,TETH,1.6
2024-10-24,TETH,0.0
2024-10-25,TETH,0.0
2024-10-26,TETH,0.0
2024-10-27,TETH,0.0
2024-10-28,TETH,0.0
2024-10-29,TETH,0.0
2024-10-30,TETH,2.7
2024-10-31,TETH,0.0
2024-11-01,TETH,0.0
2024-11-02,TETH,0.0
2024-11-03,TETH,0.0
2024-11-04,TETH,0.0
2024-11-05,TETH,0.0
2024-11-06,TETH,0.0
2024-11-07,TETH,0.0
2024-11-08,TETH,0.0
2024-11-09,TETH,0.0
2024-11-10,TETH,0.0
2024-11-11,TETH,0.0
2024-11-12,TETH,2.0
2024-11-13,TETH,0.0
2024-11-14,TETH,0.0
2024-11-15,TETH,0.0
2024-11-16,TETH,0.0
2024-11-17,TETH,0.0
2024-11-18,TETH,0.0
2024-11-19,TETH,0.0
2024-11-20,TETH,0.0
2024-11-21,TETH,0.0
2024-11-22,TETH,0.0
2024-11-23,TETH,0.0
2024-11-24,TETH,0.0
2024-11-25,TETH,-1.2
2024-11-26,TETH,-2.8
2024-11-27,TETH,0.0
2024-11-28,TETH,0.0
2024-11-29,TETH,0.0
2024-11-30,TETH,0.0
2024-12-01,TETH,0.0
2024-12-02,TETH,0.0
2024-12-03,TETH,0.0
2024-12-04,TETH,0.0
2024-12-05,TETH,0.0
2024-12-06,TETH,-6.9
2024-12-07,TETH,0.0
2024-12-08,TETH,0.0
2024-12-09,TETH,-4.1
2024-12-10,TETH,0.0
2024-12-11,TETH,0.0
2024-12-12,TETH,1.6
2024-12-13,TETH,0.0
2024-12-14,TETH,0.0
2024-12-15,TETH,0.0
2024-12-16,TETH,0.0
2024-12-17,TETH,0.0
2024-12-18,TETH,0.0
2024-12-19,TETH,0.0
2024-12-20,TETH,0.0
2024-12-21,TETH,0.0
2024-12-22,TETH,0.0
2024-12-23,TETH,0.0
2024-12-24,TETH,0.0
2024-12-25,TETH,0.0
2024-12-26,TETH,0.0
2024-12-27,TETH,0.0
2024-12-28,TETH,0.0
2024-12-29,TETH,0.0
2024-12-30,TETH,0.0
2024-12-31,TETH,0.0
2025-01-01,TETH,0.0
2025-01-02,TETH,0.0
2025-01-03,TETH,0.0
2025-01-04,TETH,0.0
2025-01-05,TETH,0.0
2025-01-06,TETH,0.0
2025-01-07,TETH,0.0
2025-01-08,TETH,0.0
2025-01-09,TETH,0.0
2025-01-10,TETH,0.0
2025-01-11,TETH,0.0
2025-01-12,TETH,0.0
2025-01-13,TETH,0.0
2025-01-14,TETH,0.0
2025-01-15,TETH,0.0
2025-01-16,TETH,0.0
2025-01-17,TETH,0.0
2025-01-18,TETH,0.0
2025-01-19,TETH,0.0
2025-01-20,TETH,0.0
2025-01-21,TETH,0.0
2025-01-22,TETH,0.0
2025-01-23,TETH,0.0
2025-01-24,TETH,1.2
2025-01-25,TETH,0.0
2025-01-26,TETH,0.0
2025-01-27,TETH,0.0
2025-01-28,TETH,0.0
2025-01-29,TETH,0.0
2025-01-30,TETH,0.0
2025-01-31,TETH,0.0
2025-02-01,TETH,0.0
2025-02-02,TETH,0.0
2025-02-03,TETH,5.2
2025-02-04,TETH,0.0
2025-02-05,TETH,0.0
2025-02-06,TETH,0.0
2025-02-07,TETH,0.0
2025-02-08,TETH,0.0
2025-02-09,TETH,0.0
2025-02-10,TETH,0.0
2025-02-11,TETH,0.0
2025-02-12,TETH,0.0
2025-02-13,TETH,0.0
2025-02-14,TETH,0.0
2025-02-15,TETH,0.0
2025-02-16,TETH,0.0
2025-02-17,TETH,0.0
2025-02-18,TETH,0.0
2025-02-19,TETH,0.0
2025-02-20,TETH,0.0
2025-02-21,TETH,0.0
2025-02-22,TETH,0.0
2025-02-23,TETH,0.0
2025-02-24,TETH,0.0
2025-02-25,TETH,0.0
2025-02-26,TETH,0.0
2025-02-27,TETH,0.0
2025-02-28,TETH,0.0
2025-03-01,TETH,0.0
2025-03-02,TETH,0.0
2025-03-03,TETH,0.0
2025-03-04,TETH,0.0
2025-03-05,TETH,0.0
2025-03-06,TETH,0.0
2025-03-07,TETH,0.0
2025-03-08,TETH,0.0
2025-03-09,TETH,0.0
2025-03-10,TETH,-3.5
2025-03-11,TETH,0.0
2025-03-12,TETH,-1.7
2025-03-13,TETH,-0.5
2025-03-14,TETH,0.0
2025-03-15,TETH,0.0
2025-03-16,TETH,0.0
2025-03-17,TETH,0.0
2025-03-18,TETH,0.0
2025-03-19,TETH,0.7
2025-03-20,TETH,0.0
2025-03-21,TETH,0.0
2025-03-22,TETH,0.0
2025-03-23,TETH,0.0
2025-03-24,TETH,0.0
2025-03-25,TETH,0.0
2025-03-26,TETH,0.0
2025-03-27,TETH,0.0
2025-03-28,TETH,0.0
2025-03-29,TETH,0.0
2025-03-30,TETH,0.0
2025-03-31,TETH,0.0
2025-04-01,TETH,1.7
2025-04-02,TETH,0.0
2025-04-03,TETH,0.0
2025-04-04,TETH,0.0
2025-04-05,TETH,0.0
2025-04-06,TETH,0.0
2025-04-07,TETH,0.0
2025-04-08,TETH,0.0
2025-04-09,TETH,0.0
2025-04-10,TETH,0.0
2025-04-11,TETH,0.0
2025-04-12,TETH,0.0
2025-04-13,TETH,0.0
2025-04-14,TETH,1.8
2025-04-15,TETH,0.0
2025-04-16,TETH,0.0
2025-04-17,TETH,0.0
2025-04-18,TETH,0.0
2025-04-19,TETH,0.0
2025-04-20,TETH,0.0
2025-04-21,TETH,0.0
2025-04-22,TETH,0.0
2025-04-23,TETH,0.0
2025-04-24,TETH,4.1
2025-04-25,TETH,0.0
2025-04-26,TETH,0.0
2025-04-27,TETH,0.0
2025-04-28,TETH,0.0
2025-04-29,TETH,0.0
2025-04-30,TETH,0.0
2025-05-01,TETH,0.0
2025-05-02,TETH,0.0
2025-05-03,TETH,0.0
2025-05-04,TETH,0.0
2025-05-05,TETH,0.0
2025-05-06,TETH,0.0
2025-05-07,TETH,0.0
2025-05-08,TETH,0.0
2025-05-09,TETH,0.0
2025-05-10,TETH,0.0
2025-05-11,TETH,0.0
2025-05-12,TETH,0.0
2025-05-13,TETH,0.0
2025-05-14,TETH,0.0
2025-05-15,TETH,0.0
2025-05-16,TETH,0.0
2025-05-17,TETH,0.0
2025-05-18,TETH,0.0
2025-05-19,TETH,0.0
2025-05-20,TETH,0.0
2025-05-21,TETH,0.0
2025-05-22,TETH,0.0
2025-05-23,TETH,0.0
2025-05-24,TETH,0.0
2025-05-25,TETH,0.0
2025-05-26,TETH,0.0
2025-05-27,TETH,0.0
2025-05-28,TETH,0.0
2025-05-29,TETH,0.0
2025-05-30,TETH,0.0
2025-05-31,TETH,0.0
2025-06-01,TETH,0.0
2025-06-02,TETH,0.0
2025-06-03,TETH,0.0
2025-06-04,TETH,0.0
2025-06-05,TETH,0.0
2025-06-06,TETH,0.0
2025-06-07,TETH,0.0
2025-06-08,TETH,0.0
2025-06-09,TETH,0.0
2025-06-10,TETH,0.0
2025-06-11,TETH,0.0
2025-06-12,TETH,0.0
2025-06-13,TETH,0.0
2025-06-14,TETH,0.0
2025-06-15,TETH,0.0
2025-06-16,TETH,0.0
2025-06-17,TETH,0.0
2025-06-18,TETH,0.0
2025-06-19,TETH,0.0
2025-06-20,TETH,0.0
2025-06-21,TETH,0.0
2025-06-22,TETH,0.0
2025-06-23,TETH,0.0
2025-06-24,TETH,0.0
2025-06-25,TETH,0.0
2025-06-26,TETH,0.0
2025-06-27,TETH,0.5
2025-06-28,TETH,0.0
2025-06-29,TETH,0.0
2025-06-30,TETH,0.0
2025-07-01,TETH,0.0
2025-07-02,TETH,0.0
2025-07-03,TETH,0.0
2025-07-04,TETH,0.0
2025-07-05,TETH,0.0
2025-07-06,TETH,0.0
2025-07-07,TETH,0.0
2025-07-08,TETH,0.0
2025-07-09,TETH,0.0
2025-07-10,TETH,0.0
2025-07-11,TETH,5.1
2025-07-12,TETH,0.0
2025-07-13,TETH,0.0
2025-07-14,TETH,0.0
2025-07-15,TETH,0.0
2025-07-16,TETH,0.0
2025-07-17,TETH,3.8
2025-07-18,TETH,0.0
2025-07-19,TETH,0.0
2025-07-20,TETH,0.0
2025-07-21,TETH,-0.4
2025-07-22,TETH,0.0
2025-07-23,TETH,0.0
2025-07-24,TETH,0.0
2025-07-25,TETH,0.0
2025-07-26,TETH,0.0
2025-07-27,TETH,0.0
2025-07-28,TETH,0.0
2025-07-29,TETH,-5.1
2025-07-30,TETH,0.0
2025-07-31,TETH,0.0
2025-08-01,TETH,-1.9
2025-08-02,TETH,0.0
2025-08-03,TETH,0.0
2025-08-04,TETH,0.0
2025-08-05,TETH,3.6
2025-08-06,TETH,0.4
2025-08-07,TETH,0.0
2025-08-08,TETH,0.0
2025-08-09,TETH,0.0
2025-08-10,TETH,0.0
2025-08-11,TETH,3.9
2025-08-12,TETH,1.8
2025-08-13,TETH,0.0
2025-08-14,TETH,0.0
2025-08-15,TETH,-4.4
2025-08-16,TETH,0.0
2025-08-17,TETH,0.0
2025-08-18,TETH,0.0
2025-08-19,TETH,0.0
2025-08-20,TETH,0.0
2025-08-21,TETH,0.0
2025-08-22,TETH,0.0
2025-08-23,TETH,0.0
2025-08-24,TETH,0.0
2025-08-25,TETH,5.6
2025-08-26,TETH,0.0
2025-08-27,TETH,2.3
2025-08-28,TETH,0.0
2025-08-29,TETH,0.0
2024-07-23,ETHV,7.6
2024-07-24,ETHV,19.8
2024-07-25,ETHV,8.0
2024-07-26,ETHV,0.0
2024-07-27,ETHV,0.0
2024-07-28,ETHV,0.0
2024-07-29,ETHV,10.9
2024-07-30,ETHV,0.0
2024-07-31,ETHV,4.8
2024-08-01,ETHV,0.0
2024-08-02,ETHV,0.0
2024-08-03,ETHV,0.0
2024-08-04,ETHV,0.0
2024-08-05,ETHV,16.6
2024-08-06,ETHV,0.0
2024-08-07,ETHV,0.0
2024-08-08,ETHV,0.0
2024-08-09,ETHV,0.0
2024-08-10,ETHV,0.0
2024-08-11,ETHV,0.0
2024-08-12,ETHV,-2.9
2024-08-13,ETHV,0.0
2024-08-14,ETHV,0.0
2024-08-15,ETHV,0.0
2024-08-16,ETHV,-4.8
2024-08-17,ETHV,0.0
2024-08-18,ETHV,0.0
2024-08-19,ETHV,0.0
2024-08-20,ETHV,0.0
2024-08-21,ETHV,0.0
2024-08-22,ETHV,1.0
2024-08-23,ETHV,2.0
2024-08-24,ETHV,0.0
2024-08-25,ETHV,0.0
2024-08-26,ETHV,0.0
2024-08-27,ETHV,0.0
2024-08-28,ETHV,0.0
2024-08-29,ETHV,0.0
2024-08-30,ETHV,0.0
2024-08-31,ETHV,0.0
2024-09-01,ETHV,0.0
2024-09-02,ETHV,0.0
2024-09-03,ETHV,0.0
2024-09-04,ETHV,0.0
2024-09-05,ETHV,0.0
2024-09-06,ETHV,0.0
2024-09-07,ETHV,0.0
2024-09-08,ETHV,0.0
2024-09-09,ETHV,0.0
2024-09-10,ETHV,0.0
2024-09-11,ETHV,-1.7
2024-09-12,ETHV,0.0
2024-09-13,ETHV,0.0
2024-09-14,ETHV,0.0
2024-09-15,ETHV,0.0
2024-09-16,ETHV,0.0
2024-09-17,ETHV,0.0
2024-09-18,ETHV,0.0
2024-09-19,ETHV,0.0
2024-09-20,ETHV,0.0
2024-09-21,ETHV,0.0
2024-09-22,ETHV,0.0
2024-09-23,ETHV,0.0
2024-09-24,ETHV,1.9
2024-09-25,ETHV,0.0
2024-09-26,ETHV,1.0
2024-09-27,ETHV,2.0
2024-09-28,ETHV,0.0
2024-09-29,ETHV,0.0
2024-09-30,ETHV,0.0
2024-10-01,ETHV,2.7
2024-10-02,ETHV,0.0
2024-10-03,ETHV,0.0
2024-10-04,ETHV,0.0
2024-10-05,ETHV,0.0
2024-10-06,ETHV,0.0
2024-10-07,ETHV,0.0
2024-10-08,ETHV,0.0
2024-10-09,ETHV,0.0
2024-10-10,ETHV,0.0
2024-10-11,ETHV,0.0
2024-10-12,ETHV,0.0
2024-10-13,ETHV,0.0
2024-10-14,ETHV,0.0
2024-10-15,ETHV,0.0
2024-10-16,ETHV,3.8
2024-10-17,ETHV,0.0
2024-10-18,ETHV,0.0
2024-10-19,ETHV,0.0
2024-10-20,ETHV,0.0
2024-10-21,ETHV,3.9
2024-10-22,ETHV,0.0
2024-10-23,ETHV,0.0
2024-10-24,ETHV,0.0
2024-10-25,ETHV,0.0
2024-10-26,ETHV,0.0
2024-10-27,ETHV,0.0
2024-10-28,ETHV,0.0
2024-10-29,ETHV,0.0
2024-10-30,ETHV,0.0
2024-10-31,ETHV,0.0
2024-11-01,ETHV,0.0
2024-11-02,ETHV,0.0
2024-11-03,ETHV,0.0
2024-11-04,ETHV,0.0
2024-11-05,ETHV,0.0
2024-11-06,ETHV,0.0
2024-11-07,ETHV,12.7
2024-11-08,ETHV,4.3
2024-11-09,ETHV,0.0
2024-11-10,ETHV,0.0
2024-11-11,ETHV,0.0
2024-11-12,ETHV,6.0
2024-11-13,ETHV,0.0
2024-11-14,ETHV,-1.1
2024-11-15,ETHV,-1.1
2024-11-16,ETHV,0.0
2024-11-17,ETHV,0.0
2024-11-18,ETHV,0.0
2024-11-19,ETHV,0.0
2024-11-20,ETHV,0.0
2024-11-21,ETHV,2.5
2024-11-22,ETHV,0.0
2024-11-23,ETHV,0.0
2024-11-24,ETHV,0.0
2024-11-25,ETHV,2.6
2024-11-26,ETHV,0.0
2024-11-27,ETHV,13.2
2024-11-28,ETHV,0.0
2024-11-29,ETHV,0.0
2024-11-30,ETHV,0.0
2024-12-01,ETHV,0.0
2024-12-02,ETHV,0.0
2024-12-03,ETHV,0.0
2024-12-04,ETHV,0.0
2024-12-05,ETHV,0.0
2024-12-06,ETHV,1.5
2024-12-07,ETHV,0.0
2024-12-08,ETHV,0.0
2024-12-09,ETHV,0.0
2024-12-10,ETHV,0.0
2024-12-11,ETHV,5.6
2024-12-12,ETHV,0.0
2024-12-13,ETHV,0.0
2024-12-14,ETHV,0.0
2024-12-15,ETHV,0.0
2024-12-16,ETHV,0.0
2024-12-17,ETHV,0.0
2024-12-18,ETHV,0.0
2024-12-19,ETHV,4.9
2024-12-20,ETHV,0.0
2024-12-21,ETHV,0.0
2024-12-22,ETHV,0.0
2024-12-23,ETHV,0.0
2024-12-24,ETHV,0.0
2024-12-25,ETHV,0.0
2024-12-26,ETHV,0.0
2024-12-27,ETHV,0.0
2024-12-28,ETHV,0.0
2024-12-29,ETHV,0.0
2024-12-30,ETHV,0.0
2024-12-31,ETHV,0.0
2025-01-01,ETHV,0.0
2025-01-02,ETHV,0.0
2025-01-03,ETHV,0.0
2025-01-04,ETHV,0.0
2025-01-05,ETHV,0.0
2025-01-06,ETHV,0.0
2025-01-07,ETHV,0.0
2025-01-08,ETHV,0.0
2025-01-09,ETHV,0.0
2025-01-10,ETHV,0.0
2025-01-11,ETHV,0.0
2025-01-12,ETHV,0.0
2025-01-13,ETHV,0.0
2025-01-14,ETHV,0.0
2025-01-15,ETHV,2.5
2025-01-16,ETHV,0.0
2025-01-17,ETHV,0.0
2025-01-18,ETHV,0.0
2025-01-19,ETHV,0.0
2025-01-20,ETHV,0.0
2025-01-21,ETHV,3.6
2025-01-22,ETHV,0.0
2025-01-23,ETHV,0.0
2025-01-24,ETHV,0.0
2025-01-25,ETHV,0.0
2025-01-26,ETHV,0.0
2025-01-27,ETHV,0.0
2025-01-28,ETHV,0.0
2025-01-29,ETHV,0.0
2025-01-30,ETHV,0.0
2025-01-31,ETHV,2.4
2025-02-01,ETHV,0.0
2025-02-02,ETHV,0.0
2025-02-03,ETHV,0.0
2025-02-04,ETHV,0.0
2025-02-05,ETHV,0.0
2025-02-06,ETHV,0.0
2025-02-07,ETHV,0.0
2025-02-08,ETHV,0.0
2025-02-09,ETHV,0.0
2025-02-10,ETHV,0.0
2025-02-11,ETHV,0.0
2025-02-12,ETHV,0.0
2025-02-13,ETHV,0.0
2025-02-14,ETHV,0.0
2025-02-15,ETHV,0.0
2025-02-16,ETHV,0.0
2025-02-17,ETHV,0.0
2025-02-18,ETHV,0.0
2025-02-19,ETHV,0.0
2025-02-20,ETHV,0.0
2025-02-21,ETHV,0.0
2025-02-22,ETHV,0.0
2025-02-23,ETHV,0.0
2025-02-24,ETHV,0.0
2025-02-25,ETHV,0.0
2025-02-26,ETHV,0.0
2025-02-27,ETHV,0.0
2025-02-28,ETHV,0.0
2025-03-01,ETHV,0.0
2025-03-02,ETHV,0.0
2025-03-03,ETHV,0.0
2025-03-04,ETHV,0.0
2025-03-05,ETHV,0.0
2025-03-06,ETHV,0.0
2025-03-07,ETHV,0.0
2025-03-08,ETHV,0.0
2025-03-09,ETHV,0.0
2025-03-10,ETHV,0.0
2025-03-11,ETHV,0.0
2025-03-12,ETHV,0.0
2025-03-13,ETHV,1.4
2025-03-14,ETHV,0.0
2025-03-15,ETHV,0.0
2025-03-16,ETHV,0.0
2025-03-17,ETHV,0.0
2025-03-18,ETHV,0.0
2025-03-19,ETHV,0.0
2025-03-20,ETHV,0.0
2025-03-21,ETHV,0.0
2025-03-22,ETHV,0.0
2025-03-23,ETHV,0.0
2025-03-24,ETHV,0.0
2025-03-25,ETHV,0.0
2025-03-26,ETHV,0.0
2025-03-27,ETHV,-2.2
2025-03-28,ETHV,0.0
2025-03-29,ETHV,0.0
2025-03-30,ETHV,0.0
2025-03-31,ETHV,0.0
2025-04-01,ETHV,0.0
2025-04-02,ETHV,0.0
2025-04-03,ETHV,0.0
2025-04-04,ETHV,0.0
2025-04-05,ETHV,0.0
2025-04-06,ETHV,0.0
2025-04-07,ETHV,0.0
2025-04-08,ETHV,0.0
2025-04-09,ETHV,0.0
2025-04-10,ETHV,-4.4
2025-04-11,ETHV,0.0
2025-04-12,ETHV,0.0
2025-04-13,ETHV,0.0
2025-04-14,ETHV,0.0
2025-04-15,ETHV,0.0
2025-04-16,ETHV,0.0
2025-04-17,ETHV,0.0
2025-04-18,ETHV,0.0
2025-04-19,ETHV,0.0
2025-04-20,ETHV,0.0
2025-04-21,ETHV,0.0
2025-04-22,ETHV,0.0
2025-04-23,ETHV,0.0
2025-04-24,ETHV,2.6
2025-04-25,ETHV,0.0
2025-04-26,ETHV,0.0
2025-04-27,ETHV,0.0
2025-04-28,ETHV,0.0
2025-04-29,ETHV,0.0
2025-04-30,ETHV,0.0
2025-05-01,ETHV,0.0
2025-05-02,ETHV,0.0
2025-05-03,ETHV,0.0
2025-05-04,ETHV,0.0
2025-05-05,ETHV,0.0
2025-05-06,ETHV,0.0
2025-05-07,ETHV,0.0
2025-05-08,ETHV,0.0
2025-05-09,ETHV,0.0
2025-05-10,ETHV,0.0
2025-05-11,ETHV,0.0
2025-05-12,ETHV,0.0
2025-05-13,ETHV,3.0
2025-05-14,ETHV,0.0
2025-05-15,ETHV,0.0
2025-05-16,ETHV,0.0
2025-05-17,ETHV,0.0
2025-05-18,ETHV,0.0
2025-05-19,ETHV,0.0
2025-05-20,ETHV,0.0
2025-05-21,ETHV,0.0
2025-05-22,ETHV,0.0
2025-05-23,ETHV,0.0
2025-05-24,ETHV,0.0
2025-05-25,ETHV,0.0
2025-05-26,ETHV,0.0
2025-05-27,ETHV,2.9
2025-05-28,ETHV,0.0
2025-05-29,ETHV,0.0
2025-05-30,ETHV,0.0
2025-05-31,ETHV,0.0
2025-06-01,ETHV,0.0
2025-06-02,ETHV,0.0
2025-06-03,ETHV,0.0
2025-06-04,ETHV,0.0
2025-06-05,ETHV,0.0
2025-06-06,ETHV,0.0
2025-06-07,ETHV,0.0
2025-06-08,ETHV,0.0
2025-06-09,ETHV,0.0
2025-06-10,ETHV,0.0
2025-06-11,ETHV,0.0
2025-06-12,ETHV,0.0
2025-06-13,ETHV,0.0
2025-06-14,ETHV,0.0
2025-06-15,ETHV,0.0
2025-06-16,ETHV,0.0
2025-06-17,ETHV,0.0
2025-06-18,ETHV,0.0
2025-06-19,ETHV,0.0
2025-06-20,ETHV,1.8
2025-06-21,ETHV,0.0
2025-06-22,ETHV,0.0
2025-06-23,ETHV,0.0
2025-06-24,ETHV,0.0
2025-06-25,ETHV,0.0
2025-06-26,ETHV,0.0
2025-06-27,ETHV,0.0
2025-06-28,ETHV,0.0
2025-06-29,ETHV,0.0
2025-06-30,ETHV,0.0
2025-07-01,ETHV,0.0
2025-07-02,ETHV,2.8
2025-07-03,ETHV,0.0
2025-07-04,ETHV,0.0
2025-07-05,ETHV,0.0
2025-07-06,ETHV,0.0
2025-07-07,ETHV,0.0
2025-07-08,ETHV,0.0
2025-07-09,ETHV,0.0
2025-07-10,ETHV,2.1
2025-07-11,ETHV,6.6
2025-07-12,ETHV,0.0
2025-07-13,ETHV,0.0
2025-07-14,ETHV,6.6
2025-07-15,ETHV,0.0
2025-07-16,ETHV,3.7
2025-07-17,ETHV,0.0
2025-07-18,ETHV,2.6
2025-07-19,ETHV,0.0
2025-07-20,ETHV,0.0
2025-07-21,ETHV,0.0
2025-07-22,ETHV,0.0
2025-07-23,ETHV,4.0
2025-07-24,ETHV,0.0
2025-07-25,ETHV,0.0
2025-07-26,ETHV,0.0
2025-07-27,ETHV,0.0
2025-07-28,ETHV,0.0
2025-07-29,ETHV,0.0
2025-07-30,ETHV,0.0
2025-07-31,ETHV,0.0
2025-08-01,ETHV,-5.2
2025-08-02,ETHV,0.0
2025-08-03,ETHV,0.0
2025-08-04,ETHV,0.0
2025-08-05,ETHV,5.2
2025-08-06,ETHV,0.0
2025-08-07,ETHV,7.0
2025-08-08,ETHV,0.0
2025-08-09,ETHV,0.0
2025-08-10,ETHV,0.0
2025-08-11,ETHV,9.4
2025-08-12,ETHV,4.9
2025-08-13,ETHV,0.0
2025-08-14,ETHV,0.0
2025-08-15,ETHV,0.0
2025-08-16,ETHV,0.0
2025-08-17,ETHV,0.0
2025-08-18,ETHV,-4.8
2025-08-19,ETHV,-3.0
2025-08-20,ETHV,0.0
2025-08-21,ETHV,6.2
2025-08-22,ETHV,3.5
2025-08-23,ETHV,0.0
2025-08-24,ETHV,0.0
2025-08-25,ETHV,0.0
2025-08-26,ETHV,0.0
2025-08-27,ETHV,3.3
2025-08-28,ETHV,0.0
2025-08-29,ETHV,0.0
2024-07-23,QETH,5.5
2024-07-24,QETH,2.5
2024-07-25,QETH,6.2
2024-07-26,QETH,0.0
2024-07-27,QETH,0.0
2024-07-28,QETH,0.0
2024-07-29,QETH,0.0
2024-07-30,QETH,0.0
2024-07-31,QETH,0.0
2024-08-01,QETH,0.0
2024-08-02,QETH,0.0
2024-08-03,QETH,0.0
2024-08-04,QETH,0.0
2024-08-05,QETH,0.0
2024-08-06,QETH,0.0
2024-08-07,QETH,0.0
2024-08-08,QETH,0.0
2024-08-09,QETH,0.0
2024-08-10,QETH,0.0
2024-08-11,QETH,0.0
2024-08-12,QETH,0.0
2024-08-13,QETH,0.8
2024-08-14,QETH,0.0
2024-08-15,QETH,0.0
2024-08-16,QETH,0.0
2024-08-17,QETH,0.0
2024-08-18,QETH,0.0
2024-08-19,QETH,0.0
2024-08-20,QETH,0.0
2024-08-21,QETH,0.0
2024-08-22,QETH,0.0
2024-08-23,QETH,0.0
2024-08-24,QETH,0.0
2024-08-25,QETH,0.0
2024-08-26,QETH,0.0
2024-08-27,QETH,0.0
2024-08-28,QETH,0.0
2024-08-29,QETH,0.0
2024-08-30,QETH,0.0
2024-08-31,QETH,0.0
2024-09-01,QETH,0.0
2024-09-02,QETH,0.0
2024-09-03,QETH,0.0
2024-09-04,QETH,0.0
2024-09-05,QETH,0.0
2024-09-06,QETH,0.0
2024-09-07,QETH,0.0
2024-09-08,QETH,0.0
2024-09-09,QETH,0.0
2024-09-10,QETH,0.0
2024-09-11,QETH,0.0
2024-09-12,QETH,0.0
2024-09-13,QETH,0.0
2024-09-14,QETH,0.0
2024-09-15,QETH,0.0
2024-09-16,QETH,0.0
2024-09-17,QETH,0.0
2024-09-18,QETH,0.0
2024-09-19,QETH,0.0
2024-09-20,QETH,0.0
2024-09-21,QETH,0.0
2024-09-22,QETH,0.0
2024-09-23,QETH,0.0
2024-09-24,QETH,1.3
2024-09-25,QETH,0.0
2024-09-26,QETH,2.0
2024-09-27,QETH,4.3
2024-09-28,QETH,0.0
2024-09-29,QETH,0.0
2024-09-30,QETH,0.0
2024-10-01,QETH,0.0
2024-10-02,QETH,0.0
2024-10-03,QETH,0.0
2024-10-04,QETH,0.0
2024-10-05,QETH,0.0
2024-10-06,QETH,0.0
2024-10-07,QETH,0.0
2024-10-08,QETH,0.0
2024-10-09,QETH,0.0
2024-10-10,QETH,0.0
2024-10-11,QETH,0.0
2024-10-12,QETH,0.0
2024-10-13,QETH,0.0
2024-10-14,QETH,1.0
2024-10-15,QETH,0.0
2024-10-16,QETH,0.0
2024-10-17,QETH,0.5
2024-10-18,QETH,0.0
2024-10-19,QETH,0.0
2024-10-20,QETH,0.0
2024-10-21,QETH,0.0
2024-10-22,QETH,0.0
2024-10-23,QETH,1.0
2024-10-24,QETH,0.0
2024-10-25,QETH,0.0
2024-10-26,QETH,0.0
2024-10-27,QETH,0.0
2024-10-28,QETH,0.0
2024-10-29,QETH,0.0
2024-10-30,QETH,0.0
2024-10-31,QETH,0.0
2024-11-01,QETH,0.5
2024-11-02,QETH,0.0
2024-11-03,QETH,0.0
2024-11-04,QETH,0.0
2024-11-05,QETH,0.0
2024-11-06,QETH,0.0
2024-11-07,QETH,2.3
2024-11-08,QETH,0.0
2024-11-09,QETH,0.0
2024-11-10,QETH,0.0
2024-11-11,QETH,0.0
2024-11-12,QETH,0.0
2024-11-13,QETH,0.0
2024-11-14,QETH,0.9
2024-11-15,QETH,0.0
2024-11-16,QETH,0.0
2024-11-17,QETH,0.0
2024-11-18,QETH,0.0
2024-11-19,QETH,0.0
2024-11-20,QETH,0.0
2024-11-21,QETH,0.0
2024-11-22,QETH,0.0
2024-11-23,QETH,0.0
2024-11-24,QETH,0.0
2024-11-25,QETH,0.0
2024-11-26,QETH,-1.2
2024-11-27,QETH,0.0
2024-11-28,QETH,0.0
2024-11-29,QETH,0.0
2024-11-30,QETH,0.0
2024-12-01,QETH,0.0
2024-12-02,QETH,-7.2
2024-12-03,QETH,0.0
2024-12-04,QETH,0.0
2024-12-05,QETH,0.0
2024-12-06,QETH,0.0
2024-12-07,QETH,0.0
2024-12-08,QETH,0.0
2024-12-09,QETH,0.0
2024-12-10,QETH,0.0
2024-12-11,QETH,0.0
2024-12-12,QETH,0.0
2024-12-13,QETH,0.0
2024-12-14,QETH,0.0
2024-12-15,QETH,0.0
2024-12-16,QETH,0.0
2024-12-17,QETH,0.0
2024-12-18,QETH,0.0
2024-12-19,QETH,-2.4
2024-12-20,QETH,0.0
2024-12-21,QETH,0.0
2024-12-22,QETH,0.0
2024-12-23,QETH,0.0
2024-12-24,QETH,0.0
2024-12-25,QETH,0.0
2024-12-26,QETH,0.0
2024-12-27,QETH,0.0
2024-12-28,QETH,0.0
2024-12-29,QETH,0.0
2024-12-30,QETH,0.0
2024-12-31,QETH,0.0
2025-01-01,QETH,0.0
2025-01-02,QETH,0.0
2025-01-03,QETH,0.0
2025-01-04,QETH,0.0
2025-01-05,QETH,0.0
2025-01-06,QETH,0.0
2025-01-07,QETH,0.0
2025-01-08,QETH,0.0
2025-01-09,QETH,0.0
2025-01-10,QETH,0.0
2025-01-11,QETH,0.0
2025-01-12,QETH,0.0
2025-01-13,QETH,0.0
2025-01-14,QETH,0.0
2025-01-15,QETH,0.0
2025-01-16,QETH,0.0
2025-01-17,QETH,0.0
2025-01-18,QETH,0.0
2025-01-19,QETH,0.0
2025-01-20,QETH,0.0
2025-01-21,QETH,0.0
2025-01-22,QETH,0.0
2025-01-23,QETH,0.0
2025-01-24,QETH,2.0
2025-01-25,QETH,0.0
2025-01-26,QETH,0.0
2025-01-27,QETH,0.0
2025-01-28,QETH,0.0
2025-01-29,QETH,0.0
2025-01-30,QETH,0.0
2025-01-31,QETH,0.0
2025-02-01,QETH,0.0
2025-02-02,QETH,0.0
2025-02-03,QETH,0.0
2025-02-04,QETH,0.0
2025-02-05,QETH,0.0
2025-02-06,QETH,0.0
2025-02-07,QETH,0.0
2025-02-08,QETH,0.0
2025-02-09,QETH,0.0
2025-02-10,QETH,0.0
2025-02-11,QETH,0.0
2025-02-12,QETH,0.0
2025-02-13,QETH,0.0
2025-02-14,QETH,0.0
2025-02-15,QETH,0.0
2025-02-16,QETH,0.0
2025-02-17,QETH,0.0
2025-02-18,QETH,0.0
2025-02-19,QETH,0.0
2025-02-20,QETH,0.0
2025-02-21,QETH,0.0
2025-02-22,QETH,0.0
2025-02-23,QETH,0.0
2025-02-24,QETH,0.0
2025-02-25,QETH,0.0
2025-02-26,QETH,0.0
2025-02-27,QETH,0.0
2025-02-28,QETH,0.0
2025-03-01,QETH,0.0
2025-03-02,QETH,0.0
2025-03-03,QETH,0.0
2025-03-04,QETH,0.0
2025-03-05,QETH,0.0
2025-03-06,QETH,0.0
2025-03-07,QETH,0.0
2025-03-08,QETH,0.0
2025-03-09,QETH,0.0
2025-03-10,QETH,0.0
2025-03-11,QETH,0.0
2025-03-12,QETH,0.0
2025-03-13,QETH,0.0
2025-03-14,QETH,1.1
2025-03-15,QETH,0.0
2025-03-16,QETH,0.0
2025-03-17,QETH,0.0
2025-03-18,QETH,0.0
2025-03-19,QETH,0.0
2025-03-20,QETH,0.0
2025-03-21,QETH,0.0
2025-03-22,QETH,0.0
2025-03-23,QETH,0.0
2025-03-24,QETH,0.0
2025-03-25,QETH,-1.5
2025-03-26,QETH,0.0
2025-03-27,QETH,0.0
2025-03-28,QETH,0.0
2025-03-29,QETH,0.0
2025-03-30,QETH,0.0
2025-03-31,QETH,0.0
2025-04-01,QETH,0.0
2025-04-02,QETH,0.0
2025-04-03,QETH,0.0
2025-04-04,QETH,0.0
2025-04-05,QETH,0.0
2025-04-06,QETH,0.0
2025-04-07,QETH,0.0
2025-04-08,QETH,0.0
2025-04-09,QETH,0.0
2025-04-10,QETH,0.0
2025-04-11,QETH,0.0
2025-04-12,QETH,0.0
2025-04-13,QETH,0.0
2025-04-14,QETH,0.0
2025-04-15,QETH,0.0
2025-04-16,QETH,0.0
2025-04-17,QETH,0.0
2025-04-18,QETH,0.0
2025-04-19,QETH,0.0
2025-04-20,QETH,0.0
2025-04-21,QETH,0.0
2025-04-22,QETH,0.0
2025-04-23,QETH,0.0
2025-04-24,QETH,0.0
2025-04-25,QETH,1.8
2025-04-26,QETH,0.0
2025-04-27,QETH,0.0
2025-04-28,QETH,0.0
2025-04-29,QETH,0.0
2025-04-30,QETH,0.0
2025-05-01,QETH,0.0
2025-05-02,QETH,0.0
2025-05-03,QETH,0.0
2025-05-04,QETH,0.0
2025-05-05,QETH,0.0
2025-05-06,QETH,0.0
2025-05-07,QETH,0.0
2025-05-08,QETH,0.0
2025-05-09,QETH,0.0
2025-05-10,QETH,0.0
2025-05-11,QETH,0.0
2025-05-12,QETH,0.0
2025-05-13,QETH,0.0
2025-05-14,QETH,0.0
2025-05-15,QETH,0.0
2025-05-16,QETH,0.0
2025-05-17,QETH,0.0
2025-05-18,QETH,0.0
2025-05-19,QETH,0.0
2025-05-20,QETH,0.0
2025-05-21,QETH,0.0
2025-05-22,QETH,0.0
2025-05-23,QETH,0.0
2025-05-24,QETH,0.0
2025-05-25,QETH,0.0
2025-05-26,QETH,0.0
2025-05-27,QETH,0.0
2025-05-28,QETH,1.6
2025-05-29,QETH,0.0
2025-05-30,QETH,0.0
2025-05-31,QETH,0.0
2025-06-01,QETH,0.0
2025-06-02,QETH,0.0
2025-06-03,QETH,0.0
2025-06-04,QETH,0.0
2025-06-05,QETH,0.0
2025-06-06,QETH,0.0
2025-06-07,QETH,0.0
2025-06-08,QETH,0.0
2025-06-09,QETH,0.0
2025-06-10,QETH,0.0
2025-06-11,QETH,0.0
2025-06-12,QETH,0.0
2025-06-13,QETH,0.0
2025-06-14,QETH,0.0
2025-06-15,QETH,0.0
2025-06-16,QETH,0.0
2025-06-17,QETH,0.0
2025-06-18,QETH,0.0
2025-06-19,QETH,0.0
2025-06-20,QETH,0.0
2025-06-21,QETH,0.0
2025-06-22,QETH,0.0
2025-06-23,QETH,0.0
2025-06-24,QETH,0.0
2025-06-25,QETH,0.0
2025-06-26,QETH,0.0
2025-06-27,QETH,0.0
2025-06-28,QETH,0.0
2025-06-29,QETH,0.0
2025-06-30,QETH,0.0
2025-07-01,QETH,0.0
2025-07-02,QETH,0.0
2025-07-03,QETH,0.0
2025-07-04,QETH,0.0
2025-07-05,QETH,0.0
2025-07-06,QETH,0.0
2025-07-07,QETH,0.0
2025-07-08,QETH,0.0
2025-07-09,QETH,0.0
2025-07-10,QETH,0.0
2025-07-11,QETH,0.0
2025-07-12,QETH,0.0
2025-07-13,QETH,0.0
2025-07-14,QETH,0.0
2025-07-15,QETH,0.0
2025-07-16,QETH,3.7
2025-07-17,QETH,0.0
2025-07-18,QETH,0.0
2025-07-19,QETH,0.0
2025-07-20,QETH,0.0
2025-07-21,QETH,0.0
2025-07-22,QETH,0.0
2025-07-23,QETH,0.0
2025-07-24,QETH,0.0
2025-07-25,QETH,0.0
2025-07-26,QETH,0.0
2025-07-27,QETH,0.0
2025-07-28,QETH,0.0
2025-07-29,QETH,0.0
2025-07-30,QETH,0.0
2025-07-31,QETH,0.0
2025-08-01,QETH,-8.4
2025-08-02,QETH,0.0
2025-08-03,QETH,0.0
2025-08-04,QETH,0.0
2025-08-05,QETH,0.0
2025-08-06,QETH,0.0
2025-08-07,QETH,3.9
2025-08-08,QETH,1.2
2025-08-09,QETH,0.0
2025-08-10,QETH,0.0
2025-08-11,QETH,0.0
2025-08-12,QETH,0.0
2025-08-13,QETH,0.0
2025-08-14,QETH,2.3
2025-08-15,QETH,0.0
2025-08-16,QETH,0.0
2025-08-17,QETH,0.0
2025-08-18,QETH,0.0
2025-08-19,QETH,-7.4
2025-08-20,QETH,0.0
2025-08-21,QETH,0.0
2025-08-22,QETH,0.0
2025-08-23,QETH,0.0
2025-08-24,QETH,0.0
2025-08-25,QETH,2.2
2025-08-26,QETH,0.0
2025-08-27,QETH,0.0
2025-08-28,QETH,0.0
2025-08-29,QETH,0.0
2024-07-23,EZET,13.2
2024-07-24,EZET,3.9
2024-07-25,EZET,0.0
2024-07-26,EZET,6.2
2024-07-27,EZET,0.0
2024-07-28,EZET,0.0
2024-07-29,EZET,2.5
2024-07-30,EZET,3.7
2024-07-31,EZET,0.0
2024-08-01,EZET,0.0
2024-08-02,EZET,1.1
2024-08-03,EZET,0.0
2024-08-04,EZET,0.0
2024-08-05,EZET,0.9
2024-08-06,EZET,1.0
2024-08-07,EZET,1.8
2024-08-08,EZET,0.0
2024-08-09,EZET,0.0
2024-08-10,EZET,0.0
2024-08-11,EZET,0.0
2024-08-12,EZET,1.0
2024-08-13,EZET,0.0
2024-08-14,EZET,0.0
2024-08-15,EZET,0.0
2024-08-16,EZET,0.0
2024-08-17,EZET,0.0
2024-08-18,EZET,0.0
2024-08-19,EZET,0.0
2024-08-20,EZET,0.0
2024-08-21,EZET,1.0
2024-08-22,EZET,0.0
2024-08-23,EZET,0.0
2024-08-24,EZET,0.0
2024-08-25,EZET,0.0
2024-08-26,EZET,-1.0
2024-08-27,EZET,0.0
2024-08-28,EZET,0.0
2024-08-29,EZET,0.0
2024-08-30,EZET,0.0
2024-08-31,EZET,0.0
2024-09-01,EZET,0.0
2024-09-02,EZET,0.0
2024-09-03,EZET,0.0
2024-09-04,EZET,0.0
2024-09-05,EZET,0.0
2024-09-06,EZET,0.0
2024-09-07,EZET,0.0
2024-09-08,EZET,0.0
2024-09-09,EZET,0.0
2024-09-10,EZET,0.0
2024-09-11,EZET,0.0
2024-09-12,EZET,0.0
2024-09-13,EZET,0.0
2024-09-14,EZET,0.0
2024-09-15,EZET,0.0
2024-09-16,EZET,0.0
2024-09-17,EZET,0.0
2024-09-18,EZET,0.0
2024-09-19,EZET,0.0
2024-09-20,EZET,0.0
2024-09-21,EZET,0.0
2024-09-22,EZET,0.0
2024-09-23,EZET,0.0
2024-09-24,EZET,0.0
2024-09-25,EZET,0.0
2024-09-26,EZET,0.0
2024-09-27,EZET,0.0
2024-09-28,EZET,0.0
2024-09-29,EZET,0.0
2024-09-30,EZET,0.0
2024-10-01,EZET,0.0
2024-10-02,EZET,1.8
2024-10-03,EZET,0.0
2024-10-04,EZET,0.0
2024-10-05,EZET,0.0
2024-10-06,EZET,0.0
2024-10-07,EZET,0.0
2024-10-08,EZET,0.0
2024-10-09,EZET,0.0
2024-10-10,EZET,0.0
2024-10-11,EZET,0.0
2024-10-12,EZET,0.0
2024-10-13,EZET,0.0
2024-10-14,EZET,0.0
2024-10-15,EZET,0.0
2024-10-16,EZET,0.0
2024-10-17,EZET,0.0
2024-10-18,EZET,0.0
2024-10-19,EZET,0.0
2024-10-20,EZET,0.0
2024-10-21,EZET,0.0
2024-10-22,EZET,0.0
2024-10-23,EZET,0.0
2024-10-24,EZET,0.0
2024-10-25,EZET,0.0
2024-10-26,EZET,0.0
2024-10-27,EZET,0.0
2024-10-28,EZET,0.0
2024-10-29,EZET,0.0
2024-10-30,EZET,0.0
2024-10-31,EZET,0.0
2024-11-01,EZET,0.0
2024-11-02,EZET,0.0
2024-11-03,EZET,0.0
2024-11-04,EZET,0.0
2024-11-05,EZET,0.0
2024-11-06,EZET,0.0
2024-11-07,EZET,0.0
2024-11-08,EZET,0.0
2024-11-09,EZET,0.0
2024-11-10,EZET,0.0
2024-11-11,EZET,0.0
2024-11-12,EZET,0.0
2024-11-13,EZET,0.0
2024-11-14,EZET,0.0
2024-11-15,EZET,0.0
2024-11-16,EZET,0.0
2024-11-17,EZET,0.0
2024-11-18,EZET,0.0
2024-11-19,EZET,0.0
2024-11-20,EZET,0.0
2024-11-21,EZET,0.0
2024-11-22,EZET,0.0
2024-11-23,EZET,0.0
2024-11-24,EZET,0.0
2024-11-25,EZET,0.0
2024-11-26,EZET,0.0
2024-11-27,EZET,0.0
2024-11-28,EZET,0.0
2024-11-29,EZET,0.0
2024-11-30,EZET,0.0
2024-12-01,EZET,0.0
2024-12-02,EZET,0.0
2024-12-03,EZET,0.0
2024-12-04,EZET,0.0
2024-12-05,EZET,0.0
2024-12-06,EZET,0.0
2024-12-07,EZET,0.0
2024-12-08,EZET,0.0
2024-12-09,EZET,0.0
2024-12-10,EZET,0.0
2024-12-11,EZET,2.9
2024-12-12,EZET,0.0
2024-12-13,EZET,0.0
2024-12-14,EZET,0.0
2024-12-15,EZET,0.0
2024-12-16,EZET,0.0
2024-12-17,EZET,1.5
2024-12-18,EZET,0.0
2024-12-19,EZET,0.0
2024-12-20,EZET,0.0
2024-12-21,EZET,0.0
2024-12-22,EZET,0.0
2024-12-23,EZET,0.0
2024-12-24,EZET,0.0
2024-12-25,EZET,0.0
2024-12-26,EZET,0.0
2024-12-27,EZET,0.0
2024-12-28,EZET,0.0
2024-12-29,EZET,0.0
2024-12-30,EZET,-3.9
2024-12-31,EZET,0.0
2025-01-01,EZET,0.0
2025-01-02,EZET,0.0
2025-01-03,EZET,0.0
2025-01-04,EZET,0.0
2025-01-05,EZET,0.0
2025-01-06,EZET,0.0
2025-01-07,EZET,0.0
2025-01-08,EZET,0.0
2025-01-09,EZET,0.0
2025-01-10,EZET,0.0
2025-01-11,EZET,0.0
2025-01-12,EZET,0.0
2025-01-13,EZET,0.0
2025-01-14,EZET,0.0
2025-01-15,EZET,0.0
2025-01-16,EZET,0.0
2025-01-17,EZET,0.0
2025-01-18,EZET,0.0
2025-01-19,EZET,0.0
2025-01-20,EZET,0.0
2025-01-21,EZET,0.0
2025-01-22,EZET,0.0
2025-01-23,EZET,0.0
2025-01-24,EZET,0.0
2025-01-25,EZET,0.0
2025-01-26,EZET,0.0
2025-01-27,EZET,0.0
2025-01-28,EZET,0.0
2025-01-29,EZET,0.0
2025-01-30,EZET,0.0
2025-01-31,EZET,0.0
2025-02-01,EZET,0.0
2025-02-02,EZET,0.0
2025-02-03,EZET,0.0
2025-02-04,EZET,0.0
2025-02-05,EZET,0.0
2025-02-06,EZET,0.0
2025-02-07,EZET,0.0
2025-02-08,EZET,0.0
2025-02-09,EZET,0.0
2025-02-10,EZET,0.0
2025-02-11,EZET,0.0
2025-02-12,EZET,0.0
2025-02-13,EZET,0.0
2025-02-14,EZET,0.0
2025-02-15,EZET,0.0
2025-02-16,EZET,0.0
2025-02-17,EZET,0.0
2025-02-18,EZET,0.0
2025-02-19,EZET,0.0
2025-02-20,EZET,0.0
2025-02-21,EZET,0.0
2025-02-22,EZET,0.0
2025-02-23,EZET,0.0
2025-02-24,EZET,0.0
2025-02-25,EZET,0.0
2025-02-26,EZET,0.0
2025-02-27,EZET,0.0
2025-02-28,EZET,0.0
2025-03-01,EZET,0.0
2025-03-02,EZET,0.0
2025-03-03,EZET,0.0
2025-03-04,EZET,0.0
2025-03-05,EZET,0.0
2025-03-06,EZET,0.0
2025-03-07,EZET,0.0
2025-03-08,EZET,0.0
2025-03-09,EZET,0.0
2025-03-10,EZET,0.0
2025-03-11,EZET,0.0
2025-03-12,EZET,-1.4
2025-03-13,EZET,0.0
2025-03-14,EZET,0.0
2025-03-15,EZET,0.0
2025-03-16,EZET,0.0
2025-03-17,EZET,0.0
2025-03-18,EZET,0.0
2025-03-19,EZET,0.0
2025-03-20,EZET,0.0
2025-03-21,EZET,0.0
2025-03-22,EZET,0.0
2025-03-23,EZET,0.0
2025-03-24,EZET,0.0
2025-03-25,EZET,0.0
2025-03-26,EZET,0.0
2025-03-27,EZET,0.0
2025-03-28,EZET,0.0
2025-03-29,EZET,0.0
2025-03-30,EZET,0.0
2025-03-31,EZET,0.0
2025-04-01,EZET,0.0
2025-04-02,EZET,0.0
2025-04-03,EZET,0.0
2025-04-04,EZET,2.1
2025-04-05,EZET,0.0
2025-04-06,EZET,0.0
2025-04-07,EZET,0.0
2025-04-08,EZET,0.0
2025-04-09,EZET,0.0
2025-04-10,EZET,0.0
2025-04-11,EZET,0.0
2025-04-12,EZET,0.0
2025-04-13,EZET,0.0
2025-04-14,EZET,0.0
2025-04-15,EZET,0.0
2025-04-16,EZET,-1.8
2025-04-17,EZET,0.0
2025-04-18,EZET,0.0
2025-04-19,EZET,0.0
2025-04-20,EZET,0.0
2025-04-21,EZET,0.0
2025-04-22,EZET,0.0
2025-04-23,EZET,0.0
2025-04-24,EZET,0.0
2025-04-25,EZET,0.0
2025-04-26,EZET,0.0
2025-04-27,EZET,0.0
2025-04-28,EZET,0.0
2025-04-29,EZET,0.0
2025-04-30,EZET,0.0
2025-05-01,EZET,0.0
2025-05-02,EZET,0.0
2025-05-03,EZET,0.0
2025-05-04,EZET,0.0
2025-05-05,EZET,0.0
2025-05-06,EZET,0.0
2025-05-07,EZET,0.0
2025-05-08,EZET,0.0
2025-05-09,EZET,0.0
2025-05-10,EZET,0.0
2025-05-11,EZET,0.0
2025-05-12,EZET,0.0
2025-05-13,EZET,3.1
2025-05-14,EZET,0.0
2025-05-15,EZET,0.0
2025-05-16,EZET,0.0
2025-05-17,EZET,0.0
2025-05-18,EZET,0.0
2025-05-19,EZET,0.0
2025-05-20,EZET,0.0
2025-05-21,EZET,0.0
2025-05-22,EZET,0.0
2025-05-23,EZET,0.0
2025-05-24,EZET,0.0
2025-05-25,EZET,0.0
2025-05-26,EZET,0.0
2025-05-27,EZET,0.0
2025-05-28,EZET,0.0
2025-05-29,EZET,0.0
2025-05-30,EZET,0.0
2025-05-31,EZET,0.0
2025-06-01,EZET,0.0
2025-06-02,EZET,0.0
2025-06-03,EZET,3.0
2025-06-04,EZET,0.0
2025-06-05,EZET,0.0
2025-06-06,EZET,0.0
2025-06-07,EZET,0.0
2025-06-08,EZET,0.0
2025-06-09,EZET,0.0
2025-06-10,EZET,0.0
2025-06-11,EZET,0.0
2025-06-12,EZET,0.0
2025-06-13,EZET,0.0
2025-06-14,EZET,0.0
2025-06-15,EZET,0.0
2025-06-16,EZET,0.0
2025-06-17,EZET,0.0
2025-06-18,EZET,0.0
2025-06-19,EZET,0.0
2025-06-20,EZET,0.0
2025-06-21,EZET,0.0
2025-06-22,EZET,0.0
2025-06-23,EZET,0.0
2025-06-24,EZET,0.0
2025-06-25,EZET,0.0
2025-06-26,EZET,0.0
2025-06-27,EZET,0.0
2025-06-28,EZET,0.0
2025-06-29,EZET,0.0
2025-06-30,EZET,0.0
2025-07-01,EZET,0.0
2025-07-02,EZET,0.0
2025-07-03,EZET,0.0
2025-07-04,EZET,0.0
2025-07-05,EZET,0.0
2025-07-06,EZET,0.0
2025-07-07,EZET,0.0
2025-07-08,EZET,0.0
2025-07-09,EZET,5.2
2025-07-10,EZET,0.0
2025-07-11,EZET,0.0
2025-07-12,EZET,0.0
2025-07-13,EZET,0.0
2025-07-14,EZET,5.7
2025-07-15,EZET,0.0
2025-07-16,EZET,5.1
2025-07-17,EZET,0.0
2025-07-18,EZET,0.0
2025-07-19,EZET,0.0
2025-07-20,EZET,0.0
2025-07-21,EZET,0.0
2025-07-22,EZET,0.0
2025-07-23,EZET,0.0
2025-07-24,EZET,2.8
2025-07-25,EZET,0.0
2025-07-26,EZET,0.0
2025-07-27,EZET,0.0
2025-07-28,EZET,0.0
2025-07-29,EZET,0.0
2025-07-30,EZET,0.0
2025-07-31,EZET,0.0
2025-08-01,EZET,-5.4
2025-08-02,EZET,0.0
2025-08-03,EZET,0.0
2025-08-04,EZET,0.0
2025-08-05,EZET,0.0
2025-08-06,EZET,0.0
2025-08-07,EZET,5.8
2025-08-08,EZET,0.0
2025-08-09,EZET,0.0
2025-08-10,EZET,0.0
2025-08-11,EZET,4.9
2025-08-12,EZET,0.0
2025-08-13,EZET,3.6
2025-08-14,EZET,0.0
2025-08-15,EZET,0.0
2025-08-16,EZET,0.0
2025-08-17,EZET,0.0
2025-08-18,EZET,-6.6
2025-08-19,EZET,-6.3
2025-08-20,EZET,0.0
2025-08-21,EZET,0.0
2025-08-22,EZET,5.5
2025-08-23,EZET,0.0
2025-08-24,EZET,0.0
2025-08-25,EZET,0.0
2025-08-26,EZET,0.0
2025-08-27,EZET,0.0
2025-08-28,EZET,0.0
2025-08-29,EZET,0.0
2024-07-23,ETHE,-484.1
2024-07-24,ETHE,-326.9
2024-07-25,ETHE,-346.2
2024-07-26,ETHE,-356.3
2024-07-27,ETHE,0.0
2024-07-28,ETHE,0.0
2024-07-29,ETHE,-210.0
2024-07-30,ETHE,-120.3
2024-07-31,ETHE,-133.3
2024-08-01,ETHE,-78.0
2024-08-02,ETHE,-61.4
2024-08-03,ETHE,0.0
2024-08-04,ETHE,0.0
2024-08-05,ETHE,-46.8
2024-08-06,ETHE,-39.7
2024-08-07,ETHE,-31.9
2024-08-08,ETHE,-19.8
2024-08-09,ETHE,-41.7
2024-08-10,ETHE,0.0
2024-08-11,ETHE,0.0
2024-08-12,ETHE,0.0
2024-08-13,ETHE,-31.0
2024-08-14,ETHE,-16.9
2024-08-15,ETHE,-42.5
2024-08-16,ETHE,-27.7
2024-08-17,ETHE,0.0
2024-08-18,ETHE,0.0
2024-08-19,ETHE,-20.3
2024-08-20,ETHE,-37.0
2024-08-21,ETHE,-31.1
2024-08-22,ETHE,-19.8
2024-08-23,ETHE,-9.8
2024-08-24,ETHE,0.0
2024-08-25,ETHE,0.0
2024-08-26,ETHE,-9.5
2024-08-27,ETHE,-9.2
2024-08-28,ETHE,-3.8
2024-08-29,ETHE,-5.3
2024-08-30,ETHE,0.0
2024-08-31,ETHE,0.0
2024-09-01,ETHE,0.0
2024-09-02,ETHE,0.0
2024-09-03,ETHE,-52.3
2024-09-04,ETHE,-40.6
2024-09-05,ETHE,-7.4
2024-09-06,ETHE,-10.7
2024-09-07,ETHE,0.0
2024-09-08,ETHE,0.0
2024-09-09,ETHE,-22.6
2024-09-10,ETHE,0.0
2024-09-11,ETHE,0.0
2024-09-12,ETHE,-20.1
2024-09-13,ETHE,-7.4
2024-09-14,ETHE,0.0
2024-09-15,ETHE,0.0
2024-09-16,ETHE,-13.8
2024-09-17,ETHE,-17.9
2024-09-18,ETHE,-14.7
2024-09-19,ETHE,0.0
2024-09-20,ETHE,0.0
2024-09-21,ETHE,0.0
2024-09-22,ETHE,0.0
2024-09-23,ETHE,-80.6
2024-09-24,ETHE,0.0
2024-09-25,ETHE,0.0
2024-09-26,ETHE,-36.0
2024-09-27,ETHE,-10.7
2024-09-28,ETHE,0.0
2024-09-29,ETHE,0.0
2024-09-30,ETHE,-11.8
2024-10-01,ETHE,-26.6
2024-10-02,ETHE,-5.4
2024-10-03,ETHE,-14.7
2024-10-04,ETHE,-8.2
2024-10-05,ETHE,0.0
2024-10-06,ETHE,0.0
2024-10-07,ETHE,0.0
2024-10-08,ETHE,0.0
2024-10-09,ETHE,0.0
2024-10-10,ETHE,-10.3
2024-10-11,ETHE,-8.7
2024-10-12,ETHE,0.0
2024-10-13,ETHE,0.0
2024-10-14,ETHE,0.0
2024-10-15,ETHE,-15.3
2024-10-16,ETHE,0.0
2024-10-17,ETHE,-15.7
2024-10-18,ETHE,0.0
2024-10-19,ETHE,0.0
2024-10-20,ETHE,0.0
2024-10-21,ETHE,-29.6
2024-10-22,ETHE,0.0
2024-10-23,ETHE,-7.6
2024-10-24,ETHE,0.0
2024-10-25,ETHE,-19.2
2024-10-26,ETHE,0.0
2024-10-27,ETHE,0.0
2024-10-28,ETHE,-8.4
2024-10-29,ETHE,-6.0
2024-10-30,ETHE,0.0
2024-10-31,ETHE,-36.6
2024-11-01,ETHE,-11.4
2024-11-02,ETHE,0.0
2024-11-03,ETHE,0.0
2024-11-04,ETHE,-10.8
2024-11-05,ETHE,0.0
2024-11-06,ETHE,0.0
2024-11-07,ETHE,0.0
2024-11-08,ETHE,0.0
2024-11-09,ETHE,0.0
2024-11-10,ETHE,0.0
2024-11-11,ETHE,0.0
2024-11-12,ETHE,-33.2
2024-11-13,ETHE,-5.6
2024-11-14,ETHE,-21.9
2024-11-15,ETHE,-40.3
2024-11-16,ETHE,0.0
2024-11-17,ETHE,0.0
2024-11-18,ETHE,-13.3
2024-11-19,ETHE,-20.4
2024-11-20,ETHE,-16.3
2024-11-21,ETHE,-27.1
2024-11-22,ETHE,-18.6
2024-11-23,ETHE,0.0
2024-11-24,ETHE,0.0
2024-11-25,ETHE,-7.6
2024-11-26,ETHE,-20.1
2024-11-27,ETHE,0.0
2024-11-28,ETHE,0.0
2024-11-29,ETHE,0.0
2024-11-30,ETHE,0.0
2024-12-01,ETHE,0.0
2024-12-02,ETHE,-44.4
2024-12-03,ETHE,-6.4
2024-12-04,ETHE,-6.2
2024-12-05,ETHE,-15.1
2024-12-06,ETHE,-29.6
2024-12-07,ETHE,0.0
2024-12-08,ETHE,0.0
2024-12-09,ETHE,-27.4
2024-12-10,ETHE,-4.0
2024-12-11,ETHE,-2.3
2024-12-12,ETHE,-22.8
2024-12-13,ETHE,7.2
2024-12-14,ETHE,0.0
2024-12-15,ETHE,0.0
2024-12-16,ETHE,0.0
2024-12-17,ETHE,0.0
2024-12-18,ETHE,-49.2
2024-12-19,ETHE,-58.1
2024-12-20,ETHE,7.5
2024-12-21,ETHE,0.0
2024-12-22,ETHE,0.0
2024-12-23,ETHE,0.0
2024-12-24,ETHE,0.0
2024-12-25,ETHE,0.0
2024-12-26,ETHE,0.0
2024-12-27,ETHE,0.0
2024-12-28,ETHE,0.0
2024-12-29,ETHE,0.0
2024-12-30,ETHE,-17.4
2024-12-31,ETHE,-5.6
2025-01-01,ETHE,0.0
2025-01-02,ETHE,-21.4
2025-01-03,ETHE,-7.2
2025-01-04,ETHE,0.0
2025-01-05,ETHE,0.0
2025-01-06,ETHE,0.0
2025-01-07,ETHE,-8.0
2025-01-08,ETHE,-8.3
2025-01-09,ETHE,0.0
2025-01-10,ETHE,0.0
2025-01-11,ETHE,0.0
2025-01-12,ETHE,0.0
2025-01-13,ETHE,-14.5
2025-01-14,ETHE,0.0
2025-01-15,ETHE,0.0
2025-01-16,ETHE,-18.7
2025-01-17,ETHE,0.0
2025-01-18,ETHE,0.0
2025-01-19,ETHE,0.0
2025-01-20,ETHE,0.0
2025-01-21,ETHE,-4.4
2025-01-22,ETHE,-17.4
2025-01-23,ETHE,-22.3
2025-01-24,ETHE,0.0
2025-01-25,ETHE,0.0
2025-01-26,ETHE,0.0
2025-01-27,ETHE,-84.2
2025-01-28,ETHE,0.0
2025-01-29,ETHE,-15.7
2025-01-30,ETHE,-40.3
2025-01-31,ETHE,-31.9
2025-02-01,ETHE,0.0
2025-02-02,ETHE,0.0
2025-02-03,ETHE,15.9
2025-02-04,ETHE,0.0
2025-02-05,ETHE,-7.2
2025-02-06,ETHE,0.0
2025-02-07,ETHE,0.0
2025-02-08,ETHE,0.0
2025-02-09,ETHE,0.0
2025-02-10,ETHE,-22.5
2025-02-11,ETHE,0.0
2025-02-12,ETHE,-30.2
2025-02-13,ETHE,-3.8
2025-02-14,ETHE,0.0
2025-02-15,ETHE,0.0
2025-02-16,ETHE,0.0
2025-02-17,ETHE,0.0
2025-02-18,ETHE,0.0
2025-02-19,ETHE,-5.5
2025-02-20,ETHE,-10.3
2025-02-21,ETHE,0.0
2025-02-22,ETHE,0.0
2025-02-23,ETHE,0.0
2025-02-24,ETHE,-15.4
2025-02-25,ETHE,-27.1
2025-02-26,ETHE,-3.3
2025-02-27,ETHE,-19.6
2025-02-28,ETHE,-11.7
2025-03-01,ETHE,0.0
2025-03-02,ETHE,0.0
2025-03-03,ETHE,0.0
2025-03-04,ETHE,10.7
2025-03-05,ETHE,-63.3
2025-03-06,ETHE,0.0
2025-03-07,ETHE,0.0
2025-03-08,ETHE,0.0
2025-03-09,ETHE,0.0
2025-03-10,ETHE,-4.8
2025-03-11,ETHE,0.0
2025-03-12,ETHE,0.0
2025-03-13,ETHE,-41.7
2025-03-14,ETHE,0.0
2025-03-15,ETHE,0.0
2025-03-16,ETHE,0.0
2025-03-17,ETHE,-7.3
2025-03-18,ETHE,0.0
2025-03-19,ETHE,10.2
2025-03-20,ETHE,0.0
2025-03-21,ETHE,0.0
2025-03-22,ETHE,0.0
2025-03-23,ETHE,0.0
2025-03-24,ETHE,0.0
2025-03-25,ETHE,0.0
2025-03-26,ETHE,0.0
2025-03-27,ETHE,0.0
2025-03-28,ETHE,4.7
2025-03-29,ETHE,0.0
2025-03-30,ETHE,0.0
2025-03-31,ETHE,0.0
2025-04-01,ETHE,0.0
2025-04-02,ETHE,-31.1
2025-04-03,ETHE,0.0
2025-04-04,ETHE,0.0
2025-04-05,ETHE,0.0
2025-04-06,ETHE,0.0
2025-04-07,ETHE,0.0
2025-04-08,ETHE,0.0
2025-04-09,ETHE,0.0
2025-04-10,ETHE,-2.3
2025-04-11,ETHE,-26.1
2025-04-12,ETHE,0.0
2025-04-13,ETHE,0.0
2025-04-14,ETHE,0.0
2025-04-15,ETHE,-10.6
2025-04-16,ETHE,-8.2
2025-04-17,ETHE,0.0
2025-04-18,ETHE,0.0
2025-04-19,ETHE,0.0
2025-04-20,ETHE,0.0
2025-04-21,ETHE,-25.4
2025-04-22,ETHE,0.0
2025-04-23,ETHE,0.0
2025-04-24,ETHE,-6.6
2025-04-25,ETHE,0.0
2025-04-26,ETHE,0.0
2025-04-27,ETHE,0.0
2025-04-28,ETHE,0.0
2025-04-29,ETHE,-7.1
2025-04-30,ETHE,-7.1
2025-05-01,ETHE,-12.0
2025-05-02,ETHE,0.0
2025-05-03,ETHE,0.0
2025-05-04,ETHE,0.0
2025-05-05,ETHE,0.0
2025-05-06,ETHE,0.0
2025-05-07,ETHE,0.0
2025-05-08,ETHE,0.0
2025-05-09,ETHE,0.0
2025-05-10,ETHE,0.0
2025-05-11,ETHE,0.0
2025-05-12,ETHE,-9.6
2025-05-13,ETHE,0.0
2025-05-14,ETHE,0.0
2025-05-15,ETHE,-16.6
2025-05-16,ETHE,0.0
2025-05-17,ETHE,0.0
2025-05-18,ETHE,0.0
2025-05-19,ETHE,0.0
2025-05-20,ETHE,0.0
2025-05-21,ETHE,0.0
2025-05-22,ETHE,43.7
2025-05-23,ETHE,0.0
2025-05-24,ETHE,0.0
2025-05-25,ETHE,0.0
2025-05-26,ETHE,0.0
2025-05-27,ETHE,0.0
2025-05-28,ETHE,0.0
2025-05-29,ETHE,-4.6
2025-05-30,ETHE,0.0
2025-05-31,ETHE,0.0
2025-06-01,ETHE,0.0
2025-06-02,ETHE,0.0
2025-06-03,ETHE,0.0
2025-06-04,ETHE,0.0
2025-06-05,ETHE,0.0
2025-06-06,ETHE,0.0
2025-06-07,ETHE,0.0
2025-06-08,ETHE,0.0
2025-06-09,ETHE,0.0
2025-06-10,ETHE,0.0
2025-06-11,ETHE,13.3
2025-06-12,ETHE,0.0
2025-06-13,ETHE,0.0
2025-06-14,ETHE,0.0
2025-06-15,ETHE,0.0
2025-06-16,ETHE,0.0
2025-06-17,ETHE,-9.0
2025-06-18,ETHE,0.0
2025-06-19,ETHE,0.0
2025-06-20,ETHE,0.0
2025-06-21,ETHE,0.0
2025-06-22,ETHE,0.0
2025-06-23,ETHE,9.0
2025-06-24,ETHE,0.0
2025-06-25,ETHE,0.0
2025-06-26,ETHE,-27.4
2025-06-27,ETHE,0.0
2025-06-28,ETHE,0.0
2025-06-29,ETHE,0.0
2025-06-30,ETHE,0.0
2025-07-01,ETHE,10.0
2025-07-02,ETHE,0.0
2025-07-03,ETHE,-5.4
2025-07-04,ETHE,0.0
2025-07-05,ETHE,0.0
2025-07-06,ETHE,0.0
2025-07-07,ETHE,0.0
2025-07-08,ETHE,7.9
2025-07-09,ETHE,0.0
2025-07-10,ETHE,18.9
2025-07-11,ETHE,10.0
2025-07-12,ETHE,0.0
2025-07-13,ETHE,0.0
2025-07-14,ETHE,8.9
2025-07-15,ETHE,0.0
2025-07-16,ETHE,33.0
2025-07-17,ETHE,0.0
2025-07-18,ETHE,-27.9
2025-07-19,ETHE,0.0
2025-07-20,ETHE,0.0
2025-07-21,ETHE,0.0
2025-07-22,ETHE,0.0
2025-07-23,ETHE,0.0
2025-07-24,ETHE,-18.5
2025-07-25,ETHE,-23.5
2025-07-26,ETHE,0.0
2025-07-27,ETHE,0.0
2025-07-28,ETHE,-17.6
2025-07-29,ETHE,0.0
2025-07-30,ETHE,7.8
2025-07-31,ETHE,-6.8
2025-08-01,ETHE,-37.2
2025-08-02,ETHE,0.0
2025-08-03,ETHE,0.0
2025-08-04,ETHE,-7.0
2025-08-05,ETHE,-10.9
2025-08-06,ETHE,10.0
2025-08-07,ETHE,10.9
2025-08-08,ETHE,26.8
2025-08-09,ETHE,0.0
2025-08-10,ETHE,0.0
2025-08-11,ETHE,13.0
2025-08-12,ETHE,9.3
2025-08-13,ETHE,7.8
2025-08-14,ETHE,0.0
2025-08-15,ETHE,-101.7
2025-08-16,ETHE,0.0
2025-08-17,ETHE,0.0
2025-08-18,ETHE,-18.7
2025-08-19,ETHE,-122.0
2025-08-20,ETHE,0.0
2025-08-21,ETHE,5.9
2025-08-22,ETHE,45.9
2025-08-23,ETHE,0.0
2025-08-24,ETHE,0.0
2025-08-25,ETHE,-29.2
2025-08-26,ETHE,5.3
2025-08-27,ETHE,5.7
2025-08-28,ETHE,0.0
2025-08-29,ETHE,-28.6
2024-07-23,ETH,15.1
2024-07-24,ETH,45.9
2024-07-25,ETH,58.1
2024-07-26,ETH,44.9
2024-07-27,ETH,0.0
2024-07-28,ETH,0.0
2024-07-29,ETH,4.9
2024-07-30,ETH,12.4
2024-07-31,ETH,19.5
2024-08-01,ETH,0.0
2024-08-02,ETH,0.0
2024-08-03,ETH,0.0
2024-08-04,ETH,0.0
2024-08-05,ETH,7.6
2024-08-06,ETH,4.7
2024-08-07,ETH,0.0
2024-08-08,ETH,5.0
2024-08-09,ETH,2.4
2024-08-10,ETH,0.0
2024-08-11,ETH,0.0
2024-08-12,ETH,0.0
2024-08-13,ETH,0.0
2024-08-14,ETH,2.3
2024-08-15,ETH,0.0
2024-08-16,ETH,0.0
2024-08-17,ETH,0.0
2024-08-18,ETH,0.0
2024-08-19,ETH,4.9
2024-08-20,ETH,0.0
2024-08-21,ETH,4.2
2024-08-22,ETH,3.7
2024-08-23,ETH,0.0
2024-08-24,ETH,0.0
2024-08-25,ETH,0.0
2024-08-26,ETH,0.0
2024-08-27,ETH,0.0
2024-08-28,ETH,0.0
2024-08-29,ETH,3.6
2024-08-30,ETH,0.0
2024-08-31,ETH,0.0
2024-09-01,ETH,0.0
2024-09-02,ETH,0.0
2024-09-03,ETH,0.0
2024-09-04,ETH,3.1
2024-09-05,ETH,7.2
2024-09-06,ETH,0.0
2024-09-07,ETH,0.0
2024-09-08,ETH,0.0
2024-09-09,ETH,8.0
2024-09-10,ETH,0.0
2024-09-11,ETH,0.0
2024-09-12,ETH,0.0
2024-09-13,ETH,0.0
2024-09-14,ETH,0.0
2024-09-15,ETH,0.0
2024-09-16,ETH,2.3
2024-09-17,ETH,2.8
2024-09-18,ETH,0.0
2024-09-19,ETH,0.0
2024-09-20,ETH,2.9
2024-09-21,ETH,0.0
2024-09-22,ETH,0.0
2024-09-23,ETH,0.0
2024-09-24,ETH,0.0
2024-09-25,ETH,26.6
2024-09-26,ETH,0.0
2024-09-27,ETH,2.3
2024-09-28,ETH,0.0
2024-09-29,ETH,0.0
2024-09-30,ETH,0.0
2024-10-01,ETH,0.0
2024-10-02,ETH,0.0
2024-10-03,ETH,0.0
2024-10-04,ETH,0.0
2024-10-05,ETH,0.0
2024-10-06,ETH,0.0
2024-10-07,ETH,0.0
2024-10-08,ETH,0.0
2024-10-09,ETH,0.0
2024-10-10,ETH,3.3
2024-10-11,ETH,0.0
2024-10-12,ETH,0.0
2024-10-13,ETH,0.0
2024-10-14,ETH,0.0
2024-10-15,ETH,0.0
2024-10-16,ETH,0.0
2024-10-17,ETH,5.1
2024-10-18,ETH,0.0
2024-10-19,ETH,0.0
2024-10-20,ETH,0.0
2024-10-21,ETH,0.0
2024-10-22,ETH,0.0
2024-10-23,ETH,0.0
2024-10-24,ETH,0.0
2024-10-25,ETH,0.0
2024-10-26,ETH,0.0
2024-10-27,ETH,0.0
2024-10-28,ETH,0.0
2024-10-29,ETH,0.0
2024-10-30,ETH,0.0
2024-10-31,ETH,0.0
2024-11-01,ETH,0.0
2024-11-02,ETH,0.0
2024-11-03,ETH,0.0
2024-11-04,ETH,-31.9
2024-11-05,ETH,0.0
2024-11-06,ETH,25.4
2024-11-07,ETH,5.5
2024-11-08,ETH,0.0
2024-11-09,ETH,0.0
2024-11-10,ETH,0.0
2024-11-11,ETH,63.3
2024-11-12,ETH,12.7
2024-11-13,ETH,2.2
2024-11-14,ETH,0.0
2024-11-15,ETH,0.0
2024-11-16,ETH,0.0
2024-11-17,ETH,0.0
2024-11-18,ETH,-5.1
2024-11-19,ETH,0.0
2024-11-20,ETH,0.0
2024-11-21,ETH,-4.1
2024-11-22,ETH,-0.6
2024-11-23,ETH,0.0
2024-11-24,ETH,0.0
2024-11-25,ETH,-4.0
2024-11-26,ETH,16.3
2024-11-27,ETH,37.3
2024-11-28,ETH,0.0
2024-11-29,ETH,3.4
2024-11-30,ETH,0.0
2024-12-01,ETH,0.0
2024-12-02,ETH,0.0
2024-12-03,ETH,0.0
2024-12-04,ETH,8.8
2024-12-05,ETH,30.7
2024-12-06,ETH,22.9
2024-12-07,ETH,0.0
2024-12-08,ETH,0.0
2024-12-09,ETH,8.8
2024-12-10,ETH,25.8
2024-12-11,ETH,13.4
2024-12-12,ETH,73.2
2024-12-13,ETH,0.0
2024-12-14,ETH,0.0
2024-12-15,ETH,0.0
2024-12-16,ETH,7.6
2024-12-17,ETH,4.5
2024-12-18,ETH,-15.6
2024-12-19,ETH,-3.2
2024-12-20,ETH,8.1
2024-12-21,ETH,0.0
2024-12-22,ETH,0.0
2024-12-23,ETH,-6.1
2024-12-24,ETH,0.0
2024-12-25,ETH,0.0
2024-12-26,ETH,6.0
2024-12-27,ETH,0.0
2024-12-28,ETH,0.0
2024-12-29,ETH,0.0
2024-12-30,ETH,-13.8
2024-12-31,ETH,9.8
2025-01-01,ETH,0.0
2025-01-02,ETH,0.0
2025-01-03,ETH,5.1
2025-01-04,ETH,0.0
2025-01-05,ETH,0.0
2025-01-06,ETH,0.0
2025-01-07,ETH,-11.2
2025-01-08,ETH,-3.4
2025-01-09,ETH,0.0
2025-01-10,ETH,0.0
2025-01-11,ETH,0.0
2025-01-12,ETH,0.0
2025-01-13,ETH,-37.8
2025-01-14,ETH,0.0
2025-01-15,ETH,8.1
2025-01-16,ETH,4.1
2025-01-17,ETH,0.0
2025-01-18,ETH,0.0
2025-01-19,ETH,0.0
2025-01-20,ETH,0.0
2025-01-21,ETH,12.5
2025-01-22,ETH,0.0
2025-01-23,ETH,3.1
2025-01-24,ETH,0.0
2025-01-25,ETH,0.0
2025-01-26,ETH,0.0
2025-01-27,ETH,0.0
2025-01-28,ETH,0.0
2025-01-29,ETH,0.0
2025-01-30,ETH,12.8
2025-01-31,ETH,0.0
2025-02-01,ETH,0.0
2025-02-02,ETH,0.0
2025-02-03,ETH,12.8
2025-02-04,ETH,0.0
2025-02-05,ETH,5.2
2025-02-06,ETH,0.0
2025-02-07,ETH,0.0
2025-02-08,ETH,0.0
2025-02-09,ETH,0.0
2025-02-10,ETH,0.0
2025-02-11,ETH,0.0
2025-02-12,ETH,0.0
2025-02-13,ETH,0.0
2025-02-14,ETH,0.0
2025-02-15,ETH,0.0
2025-02-16,ETH,0.0
2025-02-17,ETH,0.0
2025-02-18,ETH,0.0
2025-02-19,ETH,0.0
2025-02-20,ETH,0.0
2025-02-21,ETH,0.0
2025-02-22,ETH,0.0
2025-02-23,ETH,0.0
2025-02-24,ETH,-4.7
2025-02-25,ETH,-2.3
2025-02-26,ETH,0.0
2025-02-27,ETH,0.0
2025-02-28,ETH,0.0
2025-03-01,ETH,0.0
2025-03-02,ETH,0.0
2025-03-03,ETH,0.0
2025-03-04,ETH,8.5
2025-03-05,ETH,0.0
2025-03-06,ETH,0.0
2025-03-07,ETH,0.0
2025-03-08,ETH,0.0
2025-03-09,ETH,0.0
2025-03-10,ETH,-3.9
2025-03-11,ETH,0.0
2025-03-12,ETH,-3.5
2025-03-13,ETH,-5.2
2025-03-14,ETH,0.0
2025-03-15,ETH,0.0
2025-03-16,ETH,0.0
2025-03-17,ETH,0.0
2025-03-18,ETH,-9.3
2025-03-19,ETH,-7.7
2025-03-20,ETH,0.0
2025-03-21,ETH,-6.7
2025-03-22,ETH,0.0
2025-03-23,ETH,0.0
2025-03-24,ETH,0.0
2025-03-25,ETH,-1.8
2025-03-26,ETH,-4.9
2025-03-27,ETH,0.0
2025-03-28,ETH,0.0
2025-03-29,ETH,0.0
2025-03-30,ETH,0.0
2025-03-31,ETH,0.0
2025-04-01,ETH,-2.7
2025-04-02,ETH,0.0
2025-04-03,ETH,0.0
2025-04-04,ETH,0.0
2025-04-05,ETH,0.0
2025-04-06,ETH,0.0
2025-04-07,ETH,0.0
2025-04-08,ETH,0.0
2025-04-09,ETH,0.0
2025-04-10,ETH,0.0
2025-04-11,ETH,0.0
2025-04-12,ETH,0.0
2025-04-13,ETH,0.0
2025-04-14,ETH,0.0
2025-04-15,ETH,0.0
2025-04-16,ETH,2.2
2025-04-17,ETH,0.0
2025-04-18,ETH,0.0
2025-04-19,ETH,0.0
2025-04-20,ETH,0.0
2025-04-21,ETH,0.0
2025-04-22,ETH,0.0
2025-04-23,ETH,6.4
2025-04-24,ETH,18.3
2025-04-25,ETH,10.2
2025-04-26,ETH,0.0
2025-04-27,ETH,0.0
2025-04-28,ETH,0.0
2025-04-29,ETH,0.0
2025-04-30,ETH,0.0
2025-05-01,ETH,12.0
2025-05-02,ETH,0.0
2025-05-03,ETH,0.0
2025-05-04,ETH,0.0
2025-05-05,ETH,0.0
2025-05-06,ETH,0.0
2025-05-07,ETH,0.0
2025-05-08,ETH,3.2
2025-05-09,ETH,0.0
2025-05-10,ETH,0.0
2025-05-11,ETH,0.0
2025-05-12,ETH,0.0
2025-05-13,ETH,7.4
2025-05-14,ETH,0.0
2025-05-15,ETH,0.0
2025-05-16,ETH,8.6
2025-05-17,ETH,0.0
2025-05-18,ETH,0.0
2025-05-19,ETH,0.0
2025-05-20,ETH,0.0
2025-05-21,ETH,0.0
2025-05-22,ETH,18.9
2025-05-23,ETH,5.8
2025-05-24,ETH,0.0
2025-05-25,ETH,0.0
2025-05-26,ETH,0.0
2025-05-27,ETH,0.0
2025-05-28,ETH,4.9
2025-05-29,ETH,3.2
2025-05-30,ETH,0.0
2025-05-31,ETH,0.0
2025-06-01,ETH,0.0
2025-06-02,ETH,0.0
2025-06-03,ETH,8.4
2025-06-04,ETH,7.4
2025-06-05,ETH,0.0
2025-06-06,ETH,9.4
2025-06-07,ETH,0.0
2025-06-08,ETH,0.0
2025-06-09,ETH,4.6
2025-06-10,ETH,9.7
2025-06-11,ETH,19.6
2025-06-12,ETH,0.0
2025-06-13,ETH,6.7
2025-06-14,ETH,0.0
2025-06-15,ETH,0.0
2025-06-16,ETH,0.0
2025-06-17,ETH,0.0
2025-06-18,ETH,4.0
2025-06-19,ETH,0.0
2025-06-20,ETH,6.6
2025-06-21,ETH,0.0
2025-06-22,ETH,0.0
2025-06-23,ETH,5.4
2025-06-24,ETH,0.0
2025-06-25,ETH,0.0
2025-06-26,ETH,-12.4
2025-06-27,ETH,0.0
2025-06-28,ETH,0.0
2025-06-29,ETH,0.0
2025-06-30,ETH,0.0
2025-07-01,ETH,0.0
2025-07-02,ETH,8.1
2025-07-03,ETH,3.9
2025-07-04,ETH,0.0
2025-07-05,ETH,0.0
2025-07-06,ETH,0.0
2025-07-07,ETH,0.0
2025-07-08,ETH,9.3
2025-07-09,ETH,18.0
2025-07-10,ETH,20.7
2025-07-11,ETH,25.5
2025-07-12,ETH,0.0
2025-07-13,ETH,0.0
2025-07-14,ETH,43.8
2025-07-15,ETH,8.6
2025-07-16,ETH,54.2
2025-07-17,ETH,29.9
2025-07-18,ETH,65.3
2025-07-19,ETH,0.0
2025-07-20,ETH,0.0
2025-07-21,ETH,54.9
2025-07-22,ETH,72.6
2025-07-23,ETH,0.0
2025-07-24,ETH,25.3
2025-07-25,ETH,18.9
2025-07-26,ETH,0.0
2025-07-27,ETH,0.0
2025-07-28,ETH,0.0
2025-07-29,ETH,0.0
2025-07-30,ETH,0.0
2025-07-31,ETH,0.0
2025-08-01,ETH,-47.7
2025-08-02,ETH,0.0
2025-08-03,ETH,0.0
2025-08-04,ETH,-28.0
2025-08-05,ETH,-13.4
2025-08-06,ETH,-8.7
2025-08-07,ETH,34.6
2025-08-08,ETH,38.2
2025-08-09,ETH,0.0
2025-08-10,ETH,0.0
2025-08-11,ETH,66.6
2025-08-12,ETH,44.3
2025-08-13,ETH,51.3
2025-08-14,ETH,60.7
2025-08-15,ETH,-3.3
2025-08-16,ETH,0.0
2025-08-17,ETH,0.0
2025-08-18,ETH,0.0
2025-08-19,ETH,-88.5
2025-08-20,ETH,9.0
2025-08-21,ETH,6.4
2025-08-22,ETH,22.7
2025-08-23,ETH,0.0
2025-08-24,ETH,0.0
2025-08-25,ETH,53.3
2025-08-26,ETH,41.1
2025-08-27,ETH,15.1
2025-08-28,ETH,6.3
2025-08-29,ETH,-61.3
