date,Blackrock ETHA 0.25%,Fidelity FETH 0.25%,Bitwise ETHW 0.20%,21 Shares TETH 0.21%,VanEck ETHV 0.20%,Invesco QETH 0.25%,Franklin EZET 0.19%,Grayscale ETHE 2.50%,Grayscale ETH 0.15%,Total Unnamed: 10_level_1 Unnamed: 10_level_2,Total
2024-07-23,266.5,71.3,204.0,7.5,7.6,5.5,13.2,-484.1,15.1,106.6,213.2
2024-07-24,17.4,74.5,29.6,0.0,19.8,2.5,3.9,-326.9,45.9,-133.3,-266.59999999999997
2024-07-25,70.9,34.3,16.3,0.0,8.0,6.2,0.0,-346.2,58.1,-152.4,-304.8
2024-07-26,87.2,39.3,16.0,0.0,0.0,0.0,6.2,-356.3,44.9,-162.7,-325.4
2024-07-27,0.0,0.0,0.0,0.0,0.0,0.0,0.0,0.0,0.0,0.0,0.0
2024-07-28,0.0,0.0,0.0,0.0,0.0,0.0,0.0,0.0,0.0,0.0,0.0
2024-07-29,58.2,24.8,10.4,0.0,10.9,0.0,2.5,-210.0,4.9,-98.3,-196.59999999999997
2024-07-30,118.0,16.4,3.5,0.0,0.0,0.0,3.7,-120.3,12.4,33.7,67.4
2024-07-31,5.0,18.8,4.7,3.3,4.8,0.0,0.0,-133.3,19.5,-77.2,-154.40000000000003
2024-08-01,89.6,11.7,3.4,0.0,0.0,0.0,0.0,-78.0,0.0,26.7,53.400000000000006
2024-08-02,0.0,6.0,0.0,0.0,0.0,0.0,1.1,-61.4,0.0,-54.3,-108.6
2024-08-03,0.0,0.0,0.0,0.0,0.0,0.0,0.0,0.0,0.0,0.0,0.0
2024-08-04,0.0,0.0,0.0,0.0,0.0,0.0,0.0,0.0,0.0,0.0,0.0
2024-08-05,47.1,16.2,7.2,0.0,16.6,0.0,0.9,-46.8,7.6,48.8,97.6
2024-08-06,109.9,22.5,0.0,0.0,0.0,0.0,1.0,-39.7,4.7,98.4,196.8
2024-08-07,0.0,4.7,1.7,0.0,0.0,0.0,1.8,-31.9,0.0,-23.7,-47.39999999999999
2024-08-08,11.7,-2.6,2.8,0.0,0.0,0.0,0.0,-19.8,5.0,-2.9,-5.8000000000000025
2024-08-09,19.6,3.9,0.0,0.0,0.0,0.0,0.0,-41.7,2.4,-15.8,-31.6
2024-08-10,0.0,0.0,0.0,0.0,0.0,0.0,0.0,0.0,0.0,0.0,0.0
2024-08-11,0.0,0.0,0.0,0.0,0.0,0.0,0.0,0.0,0.0,0.0,0.0
2024-08-12,0.0,4.0,2.9,0.0,-2.9,0.0,1.0,0.0,0.0,5.0,10.0
2024-08-13,49.1,5.4,0.0,0.0,0.0,0.8,0.0,-31.0,0.0,24.3,48.599999999999994
2024-08-14,16.1,6.6,2.7,0.0,0.0,0.0,0.0,-16.9,2.3,10.8,21.600000000000005
2024-08-15,0.8,2.5,0.0,0.0,0.0,0.0,0.0,-42.5,0.0,-39.2,-78.4
2024-08-16,10.3,7.2,0.0,0.0,-4.8,0.0,0.0,-27.7,0.0,-15.0,-30.0
2024-08-17,0.0,0.0,0.0,0.0,0.0,0.0,0.0,0.0,0.0,0.0,0.0
2024-08-18,0.0,0.0,0.0,0.0,0.0,0.0,0.0,0.0,0.0,0.0,0.0
2024-08-19,0.0,0.0,1.9,0.0,0.0,0.0,0.0,-20.3,4.9,-13.5,-27.0
2024-08-20,26.8,0.0,3.7,0.0,0.0,0.0,0.0,-37.0,0.0,-6.5,-13.0
2024-08-21,0.0,7.9,0.0,0.0,0.0,0.0,1.0,-31.1,4.2,-18.0,-36.0
2024-08-22,0.0,14.3,0.0,0.0,1.0,0.0,0.0,-19.8,3.7,-0.8,-1.5999999999999999
2024-08-23,0.0,0.7,1.4,0.0,2.0,0.0,0.0,-9.8,0.0,-5.7,-11.400000000000002
2024-08-24,0.0,0.0,0.0,0.0,0.0,0.0,0.0,0.0,0.0,0.0,0.0
2024-08-25,0.0,0.0,0.0,0.0,0.0,0.0,0.0,0.0,0.0,0.0,0.0
2024-08-26,0.0,-2.7,0.0,0.0,0.0,0.0,-1.0,-9.5,0.0,-13.2,-26.4
2024-08-27,0.0,3.9,1.9,0.0,0.0,0.0,0.0,-9.2,0.0,-3.4,-6.799999999999999
2024-08-28,8.4,1.3,0.0,0.0,0.0,0.0,0.0,-3.8,0.0,5.9,11.8
2024-08-29,0.0,0.0,0.0,0.0,0.0,0.0,0.0,-5.3,3.6,-1.7,-3.3999999999999995
2024-08-30,0.0,0.0,0.0,0.0,0.0,0.0,0.0,0.0,0.0,0.0,0.0
2024-08-31,0.0,0.0,0.0,0.0,0.0,0.0,0.0,0.0,0.0,0.0,0.0
2024-09-01,0.0,0.0,0.0,0.0,0.0,0.0,0.0,0.0,0.0,0.0,0.0
2024-09-02,0.0,0.0,0.0,0.0,0.0,0.0,0.0,0.0,0.0,0.0,0.0
2024-09-03,0.0,4.9,0.0,0.0,0.0,0.0,0.0,-52.3,0.0,-47.4,-94.8
2024-09-04,0.0,0.0,0.0,0.0,0.0,0.0,0.0,-40.6,3.1,-37.5,-75.0
2024-09-05,0.0,0.0,0.0,0.0,0.0,0.0,0.0,-7.4,7.2,-0.2,-0.4000000000000002
2024-09-06,4.7,0.0,0.0,0.0,0.0,0.0,0.0,-10.7,0.0,-6.0,-12.0
2024-09-07,0.0,0.0,0.0,0.0,0.0,0.0,0.0,0.0,0.0,0.0,0.0
2024-09-08,0.0,0.0,0.0,0.0,0.0,0.0,0.0,0.0,0.0,0.0,0.0
2024-09-09,0.0,7.6,1.8,0.0,0.0,0.0,0.0,-22.6,8.0,-5.2,-10.400000000000002
2024-09-10,4.3,7.1,0.0,0.0,0.0,0.0,0.0,0.0,0.0,11.4,22.799999999999997
2024-09-11,0.0,1.2,0.0,0.0,-1.7,0.0,0.0,0.0,0.0,-0.5,-1.0
2024-09-12,0.0,0.0,0.0,0.0,0.0,0.0,0.0,-20.1,0.0,-20.1,-40.2
2024-09-13,3.7,0.0,5.2,0.0,0.0,0.0,0.0,-7.4,0.0,1.5,3.0
2024-09-14,0.0,0.0,0.0,0.0,0.0,0.0,0.0,0.0,0.0,0.0,0.0
2024-09-15,0.0,0.0,0.0,0.0,0.0,0.0,0.0,0.0,0.0,0.0,0.0
2024-09-16,4.2,0.0,-2.1,0.0,0.0,0.0,0.0,-13.8,2.3,-9.4,-18.800000000000004
2024-09-17,0.0,0.0,0.0,0.0,0.0,0.0,0.0,-17.9,2.8,-15.1,-30.199999999999996
2024-09-18,4.9,0.0,0.0,0.0,0.0,0.0,0.0,-14.7,0.0,-9.8,-19.6
2024-09-19,5.2,0.0,0.0,0.0,0.0,0.0,0.0,0.0,0.0,5.2,10.4
2024-09-20,0.0,0.0,0.0,0.0,0.0,0.0,0.0,0.0,2.9,2.9,5.8
2024-09-21,0.0,0.0,0.0,0.0,0.0,0.0,0.0,0.0,0.0,0.0,0.0
2024-09-22,0.0,0.0,0.0,0.0,0.0,0.0,0.0,0.0,0.0,0.0,0.0
2024-09-23,0.0,0.0,1.3,0.0,0.0,0.0,0.0,-80.6,0.0,-79.3,-158.6
2024-09-24,59.3,0.0,0.0,0.0,1.9,1.3,0.0,0.0,0.0,62.5,125.0
2024-09-25,9.4,6.4,0.0,0.8,0.0,0.0,0.0,0.0,26.6,43.2,86.4
2024-09-26,15.3,15.9,1.0,0.7,1.0,2.0,0.0,-36.0,0.0,-0.1,-0.19999999999999432
2024-09-27,11.5,42.5,5.4,1.4,2.0,4.3,0.0,-10.7,2.3,58.7,117.39999999999999
2024-09-28,0.0,0.0,0.0,0.0,0.0,0.0,0.0,0.0,0.0,0.0,0.0
2024-09-29,0.0,0.0,0.0,0.0,0.0,0.0,0.0,0.0,0.0,0.0,0.0
2024-09-30,11.0,0.0,0.0,0.0,0.0,0.0,0.0,-11.8,0.0,-0.8,-1.6000000000000008
2024-10-01,0.0,-25.0,-0.9,1.2,2.7,0.0,0.0,-26.6,0.0,-48.6,-97.2
2024-10-02,18.0,0.0,0.0,0.0,0.0,0.0,1.8,-5.4,0.0,14.4,28.8
2024-10-03,12.1,-0.6,0.0,0.0,0.0,0.0,0.0,-14.7,0.0,-3.2,-6.3999999999999995
2024-10-04,14.7,0.0,0.9,0.0,0.0,0.0,0.0,-8.2,0.0,7.4,14.8
2024-10-05,0.0,0.0,0.0,0.0,0.0,0.0,0.0,0.0,0.0,0.0,0.0
2024-10-06,0.0,0.0,0.0,0.0,0.0,0.0,0.0,0.0,0.0,0.0,0.0
2024-10-07,0.0,0.0,0.0,0.0,0.0,0.0,0.0,0.0,0.0,0.0,0.0
2024-10-08,0.0,-3.6,-4.5,0.0,0.0,0.0,0.0,0.0,0.0,-8.1,-16.2
2024-10-09,0.0,0.0,0.0,0.0,0.0,0.0,0.0,0.0,0.0,0.0,0.0
2024-10-10,17.8,-3.5,-4.2,0.0,0.0,0.0,0.0,-10.3,3.3,3.1,6.200000000000001
2024-10-11,0.0,8.6,0.0,0.0,0.0,0.0,0.0,-8.7,0.0,-0.1,-0.19999999999999965
2024-10-12,0.0,0.0,0.0,0.0,0.0,0.0,0.0,0.0,0.0,0.0,0.0
2024-10-13,0.0,0.0,0.0,0.0,0.0,0.0,0.0,0.0,0.0,0.0,0.0
2024-10-14,14.3,1.3,0.0,0.4,0.0,1.0,0.0,0.0,0.0,17.0,34.0
2024-10-15,0.0,2.6,0.0,0.0,0.0,0.0,0.0,-15.3,0.0,-12.7,-25.4
2024-10-16,11.9,8.5,0.0,0.0,3.8,0.0,0.0,0.0,0.0,24.2,48.4
2024-10-17,23.6,31.1,1.5,2.3,0.0,0.5,0.0,-15.7,5.1,48.4,96.8
2024-10-18,0.0,0.0,1.9,0.0,0.0,0.0,0.0,0.0,0.0,1.9,3.8
2024-10-19,0.0,0.0,0.0,0.0,0.0,0.0,0.0,0.0,0.0,0.0,0.0
2024-10-20,0.0,0.0,0.0,0.0,0.0,0.0,0.0,0.0,0.0,0.0,0.0
2024-10-21,4.9,0.0,0.0,0.0,3.9,0.0,0.0,-29.6,0.0,-20.8,-41.6
2024-10-22,11.9,0.0,0.0,0.0,0.0,0.0,0.0,0.0,0.0,11.9,23.8
2024-10-23,0.0,6.2,0.0,1.6,0.0,1.0,0.0,-7.6,0.0,1.2,2.4000000000000012
2024-10-24,2.3,0.0,0.0,0.0,0.0,0.0,0.0,0.0,0.0,2.3,4.6
2024-10-25,0.0,0.0,0.0,0.0,0.0,0.0,0.0,-19.2,0.0,-19.2,-38.4
2024-10-26,0.0,0.0,0.0,0.0,0.0,0.0,0.0,0.0,0.0,0.0,0.0
2024-10-27,0.0,0.0,0.0,0.0,0.0,0.0,0.0,0.0,0.0,0.0,0.0
2024-10-28,2.3,5.0,0.0,0.0,0.0,0.0,0.0,-8.4,0.0,-1.1,-2.2000000000000006
2024-10-29,13.6,0.0,0.0,0.0,0.0,0.0,0.0,-6.0,0.0,7.6,15.2
2024-10-30,0.0,5.3,-3.6,2.7,0.0,0.0,0.0,0.0,0.0,4.4,8.8
2024-10-31,49.6,0.0,0.0,0.0,0.0,0.0,0.0,-36.6,0.0,13.0,26.0
2024-11-01,0.0,0.0,0.0,0.0,0.0,0.5,0.0,-11.4,0.0,-10.9,-21.8
2024-11-02,0.0,0.0,0.0,0.0,0.0,0.0,0.0,0.0,0.0,0.0,0.0
2024-11-03,0.0,0.0,0.0,0.0,0.0,0.0,0.0,0.0,0.0,0.0,0.0
2024-11-04,11.0,-31.5,0.0,0.0,0.0,0.0,0.0,-10.8,-31.9,-63.2,-126.4
2024-11-05,0.0,0.0,0.0,0.0,0.0,0.0,0.0,0.0,0.0,0.0,0.0
2024-11-06,0.0,26.9,0.0,0.0,0.0,0.0,0.0,0.0,25.4,52.3,104.6
2024-11-07,23.7,28.9,6.6,0.0,12.7,2.3,0.0,0.0,5.5,79.7,159.39999999999998
2024-11-08,59.8,18.4,3.4,0.0,4.3,0.0,0.0,0.0,0.0,85.9,171.8
2024-11-09,0.0,0.0,0.0,0.0,0.0,0.0,0.0,0.0,0.0,0.0,0.0
2024-11-10,0.0,0.0,0.0,0.0,0.0,0.0,0.0,0.0,0.0,0.0,0.0
2024-11-11,101.1,115.5,15.6,0.0,0.0,0.0,0.0,0.0,63.3,295.5,591.0
2024-11-12,131.4,0.0,17.0,2.0,6.0,0.0,0.0,-33.2,12.7,135.9,271.8
2024-11-13,35.6,101.7,13.0,0.0,0.0,0.0,0.0,-5.6,2.2,146.9,293.8
2024-11-14,18.9,0.0,0.0,0.0,-1.1,0.9,0.0,-21.9,0.0,-3.2,-6.400000000000003
2024-11-15,0.0,-18.4,0.0,0.0,-1.1,0.0,0.0,-40.3,0.0,-59.8,-119.6
2024-11-16,0.0,0.0,0.0,0.0,0.0,0.0,0.0,0.0,0.0,0.0,0.0
2024-11-17,0.0,0.0,0.0,0.0,0.0,0.0,0.0,0.0,0.0,0.0,0.0
2024-11-18,-23.9,3.2,0.0,0.0,0.0,0.0,0.0,-13.3,-5.1,-39.1,-78.2
2024-11-19,-14.2,-46.7,0.0,0.0,0.0,0.0,0.0,-20.4,0.0,-81.3,-162.60000000000002
2024-11-20,16.7,-30.7,0.0,0.0,0.0,0.0,0.0,-16.3,0.0,-30.3,-60.6
2024-11-21,0.0,16.8,2.9,0.0,2.5,0.0,0.0,-27.1,-4.1,-9.0,-18.0
2024-11-22,99.7,5.8,5.0,0.0,0.0,0.0,0.0,-18.6,-0.6,91.3,182.60000000000002
2024-11-23,0.0,0.0,0.0,0.0,0.0,0.0,0.0,0.0,0.0,0.0,0.0
2024-11-24,0.0,0.0,0.0,0.0,0.0,0.0,0.0,0.0,0.0,0.0,0.0
2024-11-25,0.0,4.4,8.7,-1.2,2.6,0.0,0.0,-7.6,-4.0,2.9,5.800000000000001
2024-11-26,50.1,-1.7,0.0,-2.8,0.0,-1.2,0.0,-20.1,16.3,40.6,81.19999999999999
2024-11-27,0.0,38.0,1.6,0.0,13.2,0.0,0.0,0.0,37.3,90.1,180.2
2024-11-28,0.0,0.0,0.0,0.0,0.0,0.0,0.0,0.0,0.0,0.0,0.0
2024-11-29,250.4,79.1,0.0,0.0,0.0,0.0,0.0,0.0,3.4,332.9,665.8
2024-11-30,0.0,0.0,0.0,0.0,0.0,0.0,0.0,0.0,0.0,0.0,0.0
2024-12-01,0.0,0.0,0.0,0.0,0.0,0.0,0.0,0.0,0.0,0.0,0.0
2024-12-02,55.9,19.9,0.0,0.0,0.0,-7.2,0.0,-44.4,0.0,24.2,48.39999999999999
2024-12-03,65.3,73.7,0.0,0.0,0.0,0.0,0.0,-6.4,0.0,132.6,265.2
2024-12-04,124.4,40.7,0.0,0.0,0.0,0.0,0.0,-6.2,8.8,167.7,335.40000000000003
2024-12-05,292.7,113.6,6.6,0.0,0.0,0.0,0.0,-15.1,30.7,428.5,857.0
2024-12-06,34.6,47.9,13.4,-6.9,1.5,0.0,0.0,-29.6,22.9,83.8,167.6
2024-12-07,0.0,0.0,0.0,0.0,0.0,0.0,0.0,0.0,0.0,0.0,0.0
2024-12-08,0.0,0.0,0.0,0.0,0.0,0.0,0.0,0.0,0.0,0.0,0.0
2024-12-09,155.4,30.1,-13.0,-4.1,0.0,0.0,0.0,-27.4,8.8,149.8,299.6
2024-12-10,81.7,202.2,0.0,0.0,0.0,0.0,0.0,-4.0,25.8,305.7,611.4
2024-12-11,74.2,0.0,8.2,0.0,5.6,0.0,2.9,-2.3,13.4,102.0,204.0
2024-12-12,202.3,19.4,0.0,1.6,0.0,0.0,0.0,-22.8,73.2,273.7,547.4
2024-12-13,9.5,6.9,0.0,0.0,0.0,0.0,0.0,7.2,0.0,23.6,47.2
2024-12-14,0.0,0.0,0.0,0.0,0.0,0.0,0.0,0.0,0.0,0.0,0.0
2024-12-15,0.0,0.0,0.0,0.0,0.0,0.0,0.0,0.0,0.0,0.0,0.0
2024-12-16,30.7,4.1,8.7,0.0,0.0,0.0,0.0,0.0,7.6,51.1,102.2
2024-12-17,134.8,3.9,0.0,0.0,0.0,0.0,1.5,0.0,4.5,144.7,289.4
2024-12-18,81.9,0.0,-14.6,0.0,0.0,0.0,0.0,-49.2,-15.6,2.5,5.000000000000009
2024-12-19,0.0,5.1,-6.8,0.0,4.9,-2.4,0.0,-58.1,-3.2,-60.5,-121.0
2024-12-20,-103.7,13.0,0.0,0.0,0.0,0.0,0.0,7.5,8.1,-75.1,-150.2
2024-12-21,0.0,0.0,0.0,0.0,0.0,0.0,0.0,0.0,0.0,0.0,0.0
2024-12-22,0.0,0.0,0.0,0.0,0.0,0.0,0.0,0.0,0.0,0.0,0.0
2024-12-23,89.5,46.4,1.0,0.0,0.0,0.0,0.0,0.0,-6.1,130.8,261.6
2024-12-24,43.9,3.5,6.2,0.0,0.0,0.0,0.0,0.0,0.0,53.6,107.2
2024-12-25,0.0,0.0,0.0,0.0,0.0,0.0,0.0,0.0,0.0,0.0,0.0
2024-12-26,28.2,83.0,0.0,0.0,0.0,0.0,0.0,0.0,6.0,117.2,234.4
2024-12-27,20.2,27.5,0.0,0.0,0.0,0.0,0.0,0.0,0.0,47.7,95.4
2024-12-28,0.0,0.0,0.0,0.0,0.0,0.0,0.0,0.0,0.0,0.0,0.0
2024-12-29,0.0,0.0,0.0,0.0,0.0,0.0,0.0,0.0,0.0,0.0,0.0
2024-12-30,0.0,-20.4,0.0,0.0,0.0,0.0,-3.9,-17.4,-13.8,-55.5,-111.0
2024-12-31,0.0,31.8,0.0,0.0,0.0,0.0,0.0,-5.6,9.8,36.0,72.0
2025-01-01,0.0,0.0,0.0,0.0,0.0,0.0,0.0,0.0,0.0,0.0,0.0
2025-01-02,0.0,0.0,-56.1,0.0,0.0,0.0,0.0,-21.4,0.0,-77.5,-155.0
2025-01-03,33.9,27.1,0.0,0.0,0.0,0.0,0.0,-7.2,5.1,58.9,117.8
2025-01-04,0.0,0.0,0.0,0.0,0.0,0.0,0.0,0.0,0.0,0.0,0.0
2025-01-05,0.0,0.0,0.0,0.0,0.0,0.0,0.0,0.0,0.0,0.0,0.0
2025-01-06,124.1,4.6,0.0,0.0,0.0,0.0,0.0,0.0,0.0,128.7,257.4
2025-01-07,0.0,-67.6,0.0,0.0,0.0,0.0,0.0,-8.0,-11.2,-86.8,-173.6
2025-01-08,0.0,-147.7,0.0,0.0,0.0,0.0,0.0,-8.3,-3.4,-159.4,-318.8
2025-01-09,0.0,0.0,0.0,0.0,0.0,0.0,0.0,0.0,0.0,0.0,0.0
2025-01-10,0.0,-65.4,-3.1,0.0,0.0,0.0,0.0,0.0,0.0,-68.5,-137.0
2025-01-11,0.0,0.0,0.0,0.0,0.0,0.0,0.0,0.0,0.0,0.0,0.0
2025-01-12,0.0,0.0,0.0,0.0,0.0,0.0,0.0,0.0,0.0,0.0,0.0
2025-01-13,12.9,0.0,0.0,0.0,0.0,0.0,0.0,-14.5,-37.8,-39.4,-78.8
2025-01-14,0.0,0.0,1.2,0.0,0.0,0.0,0.0,0.0,0.0,1.2,2.4
2025-01-15,19.8,29.3,0.0,0.0,2.5,0.0,0.0,0.0,8.1,59.7,119.4
2025-01-16,111.2,70.0,0.0,0.0,0.0,0.0,0.0,-18.7,4.1,166.6,333.2
2025-01-17,7.4,14.0,2.5,0.0,0.0,0.0,0.0,0.0,0.0,23.9,47.8
2025-01-18,0.0,0.0,0.0,0.0,0.0,0.0,0.0,0.0,0.0,0.0,0.0
2025-01-19,0.0,0.0,0.0,0.0,0.0,0.0,0.0,0.0,0.0,0.0,0.0
2025-01-20,0.0,0.0,0.0,0.0,0.0,0.0,0.0,0.0,0.0,0.0,0.0
2025-01-21,56.3,3.3,3.1,0.0,3.6,0.0,0.0,-4.4,12.5,74.4,148.8
2025-01-22,79.1,9.0,0.0,0.0,0.0,0.0,0.0,-17.4,0.0,70.7,141.39999999999998
2025-01-23,0.0,7.3,-3.0,0.0,0.0,0.0,0.0,-22.3,3.1,-14.9,-29.8
2025-01-24,0.0,0.0,6.0,1.2,0.0,2.0,0.0,0.0,0.0,9.2,18.4
2025-01-25,0.0,0.0,0.0,0.0,0.0,0.0,0.0,0.0,0.0,0.0,0.0
2025-01-26,0.0,0.0,0.0,0.0,0.0,0.0,0.0,0.0,0.0,0.0,0.0
2025-01-27,20.7,-68.5,-4.2,0.0,0.0,0.0,0.0,-84.2,0.0,-136.2,-272.4
2025-01-28,0.0,0.0,0.0,0.0,0.0,0.0,0.0,0.0,0.0,0.0,0.0
2025-01-29,9.5,5.5,-4.0,0.0,0.0,0.0,0.0,-15.7,0.0,-4.7,-9.399999999999999
2025-01-30,79.9,15.4,0.0,0.0,0.0,0.0,0.0,-40.3,12.8,67.8,135.60000000000002
2025-01-31,57.3,0.0,0.0,0.0,2.4,0.0,0.0,-31.9,0.0,27.8,55.599999999999994
2025-02-01,0.0,0.0,0.0,0.0,0.0,0.0,0.0,0.0,0.0,0.0,0.0
2025-02-02,0.0,0.0,0.0,0.0,0.0,0.0,0.0,0.0,0.0,0.0,0.0
2025-02-03,0.0,49.7,0.0,5.2,0.0,0.0,0.0,15.9,12.8,83.6,167.2
2025-02-04,276.2,27.5,4.1,0.0,0.0,0.0,0.0,0.0,0.0,307.8,615.6
2025-02-05,0.0,20.1,0.0,0.0,0.0,0.0,0.0,-7.2,5.2,18.1,36.2
2025-02-06,10.7,0.0,0.0,0.0,0.0,0.0,0.0,0.0,0.0,10.7,21.4
2025-02-07,0.0,0.0,0.0,0.0,0.0,0.0,0.0,0.0,0.0,0.0,0.0
2025-02-08,0.0,0.0,0.0,0.0,0.0,0.0,0.0,0.0,0.0,0.0,0.0
2025-02-09,0.0,0.0,0.0,0.0,0.0,0.0,0.0,0.0,0.0,0.0,0.0
2025-02-10,0.0,0.0,0.0,0.0,0.0,0.0,0.0,-22.5,0.0,-22.5,-45.0
2025-02-11,12.6,0.0,0.0,0.0,0.0,0.0,0.0,0.0,0.0,12.6,25.2
2025-02-12,0.0,-10.7,0.0,0.0,0.0,0.0,0.0,-30.2,0.0,-40.9,-81.8
2025-02-13,12.0,4.6,0.0,0.0,0.0,0.0,0.0,-3.8,0.0,12.8,25.6
2025-02-14,0.0,11.7,0.0,0.0,0.0,0.0,0.0,0.0,0.0,11.7,23.4
2025-02-15,0.0,0.0,0.0,0.0,0.0,0.0,0.0,0.0,0.0,0.0,0.0
2025-02-16,0.0,0.0,0.0,0.0,0.0,0.0,0.0,0.0,0.0,0.0,0.0
2025-02-17,0.0,0.0,0.0,0.0,0.0,0.0,0.0,0.0,0.0,0.0,0.0
2025-02-18,0.0,4.6,0.0,0.0,0.0,0.0,0.0,0.0,0.0,4.6,9.2
2025-02-19,0.0,24.5,0.0,0.0,0.0,0.0,0.0,-5.5,0.0,19.0,38.0
2025-02-20,0.0,-2.8,0.0,0.0,0.0,0.0,0.0,-10.3,0.0,-13.1,-26.200000000000003
2025-02-21,0.0,0.0,-8.9,0.0,0.0,0.0,0.0,0.0,0.0,-8.9,-17.8
2025-02-22,0.0,0.0,0.0,0.0,0.0,0.0,0.0,0.0,0.0,0.0,0.0
2025-02-23,0.0,0.0,0.0,0.0,0.0,0.0,0.0,0.0,0.0,0.0,0.0
2025-02-24,-48.2,0.0,-9.7,0.0,0.0,0.0,0.0,-15.4,-4.7,-78.0,-156.0
2025-02-25,0.0,-12.5,-8.2,0.0,0.0,0.0,0.0,-27.1,-2.3,-50.1,-100.19999999999999
2025-02-26,-69.8,-18.4,-2.8,0.0,0.0,0.0,0.0,-3.3,0.0,-94.3,-188.59999999999997
2025-02-27,-26.1,-25.5,0.0,0.0,0.0,0.0,0.0,-19.6,0.0,-71.2,-142.4
2025-02-28,-30.2,0.0,0.0,0.0,0.0,0.0,0.0,-11.7,0.0,-41.9,-83.8
2025-03-01,0.0,0.0,0.0,0.0,0.0,0.0,0.0,0.0,0.0,0.0,0.0
2025-03-02,0.0,0.0,0.0,0.0,0.0,0.0,0.0,0.0,0.0,0.0,0.0
2025-03-03,-16.1,0.0,4.0,0.0,0.0,0.0,0.0,0.0,0.0,-12.1,-24.200000000000003
2025-03-04,-26.3,21.7,0.0,0.0,0.0,0.0,0.0,10.7,8.5,14.6,29.199999999999996
2025-03-05,0.0,0.0,0.0,0.0,0.0,0.0,0.0,-63.3,0.0,-63.3,-126.6
2025-03-06,-10.0,0.0,0.0,0.0,0.0,0.0,0.0,0.0,0.0,-10.0,-20.0
2025-03-07,-11.2,-11.9,0.0,0.0,0.0,0.0,0.0,0.0,0.0,-23.1,-46.2
2025-03-08,0.0,0.0,0.0,0.0,0.0,0.0,0.0,0.0,0.0,0.0,0.0
2025-03-09,0.0,0.0,0.0,0.0,0.0,0.0,0.0,0.0,0.0,0.0,0.0
2025-03-10,0.0,-23.7,-1.6,-3.5,0.0,0.0,0.0,-4.8,-3.9,-37.5,-75.0
2025-03-11,-11.8,-9.8,0.0,0.0,0.0,0.0,0.0,0.0,0.0,-21.6,-43.2
2025-03-12,0.0,-3.7,0.0,-1.7,0.0,0.0,-1.4,0.0,-3.5,-10.3,-20.6
2025-03-13,-15.1,-12.5,0.0,-0.5,1.4,0.0,0.0,-41.7,-5.2,-73.6,-147.2
2025-03-14,-36.4,-11.6,0.0,0.0,0.0,1.1,0.0,0.0,0.0,-46.9,-93.8
2025-03-15,0.0,0.0,0.0,0.0,0.0,0.0,0.0,0.0,0.0,0.0,0.0
2025-03-16,0.0,0.0,0.0,0.0,0.0,0.0,0.0,0.0,0.0,0.0,0.0
2025-03-17,0.0,0.0,0.0,0.0,0.0,0.0,0.0,-7.3,0.0,-7.3,-14.6
2025-03-18,-40.2,-3.3,0.0,0.0,0.0,0.0,0.0,0.0,-9.3,-52.8,-105.6
2025-03-19,-12.9,-2.0,0.0,0.7,0.0,0.0,0.0,10.2,-7.7,-11.7,-23.400000000000002
2025-03-20,-9.0,-3.5,0.0,0.0,0.0,0.0,0.0,0.0,0.0,-12.5,-25.0
2025-03-21,-11.9,0.0,0.0,0.0,0.0,0.0,0.0,0.0,-6.7,-18.6,-37.2
2025-03-22,0.0,0.0,0.0,0.0,0.0,0.0,0.0,0.0,0.0,0.0,0.0
2025-03-23,0.0,0.0,0.0,0.0,0.0,0.0,0.0,0.0,0.0,0.0,0.0
2025-03-24,0.0,0.0,0.0,0.0,0.0,0.0,0.0,0.0,0.0,0.0,0.0
2025-03-25,0.0,0.0,0.0,0.0,0.0,-1.5,0.0,0.0,-1.8,-3.3,-6.6
2025-03-26,0.0,-1.0,0.0,0.0,0.0,0.0,0.0,0.0,-4.9,-5.9,-11.8
2025-03-27,0.0,-2.0,0.0,0.0,-2.2,0.0,0.0,0.0,0.0,-4.2,-8.4
2025-03-28,0.0,0.0,0.0,0.0,0.0,0.0,0.0,4.7,0.0,4.7,9.4
2025-03-29,0.0,0.0,0.0,0.0,0.0,0.0,0.0,0.0,0.0,0.0,0.0
2025-03-30,0.0,0.0,0.0,0.0,0.0,0.0,0.0,0.0,0.0,0.0,0.0
2025-03-31,0.0,6.4,0.0,0.0,0.0,0.0,0.0,0.0,0.0,6.4,12.8
2025-04-01,0.0,0.0,-2.6,1.7,0.0,0.0,0.0,0.0,-2.7,-3.6,-7.200000000000001
2025-04-02,-20.2,0.0,0.0,0.0,0.0,0.0,0.0,-31.1,0.0,-51.3,-102.6
2025-04-03,0.0,0.0,-3.6,0.0,0.0,0.0,0.0,0.0,0.0,-3.6,-7.2
2025-04-04,0.0,0.0,0.0,0.0,0.0,0.0,2.1,0.0,0.0,2.1,4.2
2025-04-05,0.0,0.0,0.0,0.0,0.0,0.0,0.0,0.0,0.0,0.0,0.0
2025-04-06,0.0,0.0,0.0,0.0,0.0,0.0,0.0,0.0,0.0,0.0,0.0
2025-04-07,0.0,0.0,0.0,0.0,0.0,0.0,0.0,0.0,0.0,0.0,0.0
2025-04-08,0.0,-3.3,0.0,0.0,0.0,0.0,0.0,0.0,0.0,-3.3,-6.6
2025-04-09,-5.5,-5.7,0.0,0.0,0.0,0.0,0.0,0.0,0.0,-11.2,-22.4
2025-04-10,6.4,-36.0,-2.5,0.0,-4.4,0.0,0.0,-2.3,0.0,-38.8,-77.6
2025-04-11,0.0,0.0,-3.1,0.0,0.0,0.0,0.0,-26.1,0.0,-29.2,-58.400000000000006
2025-04-12,0.0,0.0,0.0,0.0,0.0,0.0,0.0,0.0,0.0,0.0,0.0
2025-04-13,0.0,0.0,0.0,0.0,0.0,0.0,0.0,0.0,0.0,0.0,0.0
2025-04-14,0.0,-7.8,0.0,1.8,0.0,0.0,0.0,0.0,0.0,-6.0,-12.0
2025-04-15,0.0,-3.6,0.0,0.0,0.0,0.0,0.0,-10.6,0.0,-14.2,-28.4
2025-04-16,-4.3,0.0,0.0,0.0,0.0,0.0,-1.8,-8.2,2.2,-12.1,-24.199999999999996
2025-04-17,0.0,0.0,0.0,0.0,0.0,0.0,0.0,0.0,0.0,0.0,0.0
2025-04-18,0.0,0.0,0.0,0.0,0.0,0.0,0.0,0.0,0.0,0.0,0.0
2025-04-19,0.0,0.0,0.0,0.0,0.0,0.0,0.0,0.0,0.0,0.0,0.0
2025-04-20,0.0,0.0,0.0,0.0,0.0,0.0,0.0,0.0,0.0,0.0,0.0
2025-04-21,0.0,0.0,0.0,0.0,0.0,0.0,0.0,-25.4,0.0,-25.4,-50.8
2025-04-22,0.0,32.7,6.1,0.0,0.0,0.0,0.0,0.0,0.0,38.8,77.6
2025-04-23,-30.3,0.0,0.0,0.0,0.0,0.0,0.0,0.0,6.4,-23.9,-47.8
2025-04-24,40.0,0.0,5.1,4.1,2.6,0.0,0.0,-6.6,18.3,63.5,127.0
2025-04-25,54.4,35.9,1.8,0.0,0.0,1.8,0.0,0.0,10.2,104.1,208.2
2025-04-26,0.0,0.0,0.0,0.0,0.0,0.0,0.0,0.0,0.0,0.0,0.0
2025-04-27,0.0,0.0,0.0,0.0,0.0,0.0,0.0,0.0,0.0,0.0,0.0
2025-04-28,67.5,0.0,-3.4,0.0,0.0,0.0,0.0,0.0,0.0,64.1,128.2
2025-04-29,0.0,25.5,0.0,0.0,0.0,0.0,0.0,-7.1,0.0,18.4,36.8
2025-04-30,0.0,5.8,-1.0,0.0,0.0,0.0,0.0,-7.1,0.0,-2.3,-4.6
2025-05-01,0.0,6.5,0.0,0.0,0.0,0.0,0.0,-12.0,12.0,6.5,13.0
2025-05-02,20.1,0.0,0.0,0.0,0.0,0.0,0.0,0.0,0.0,20.1,40.2
2025-05-03,0.0,0.0,0.0,0.0,0.0,0.0,0.0,0.0,0.0,0.0,0.0
2025-05-04,0.0,0.0,0.0,0.0,0.0,0.0,0.0,0.0,0.0,0.0,0.0
2025-05-05,0.0,0.0,0.0,0.0,0.0,0.0,0.0,0.0,0.0,0.0,0.0
2025-05-06,0.0,-17.9,0.0,0.0,0.0,0.0,0.0,0.0,0.0,-17.9,-35.8
2025-05-07,-21.8,0.0,0.0,0.0,0.0,0.0,0.0,0.0,0.0,-21.8,-43.6
2025-05-08,0.0,-19.3,0.0,0.0,0.0,0.0,0.0,0.0,3.2,-16.1,-32.2
2025-05-09,17.6,0.0,0.0,0.0,0.0,0.0,0.0,0.0,0.0,17.6,35.2
2025-05-10,0.0,0.0,0.0,0.0,0.0,0.0,0.0,0.0,0.0,0.0,0.0
2025-05-11,0.0,0.0,0.0,0.0,0.0,0.0,0.0,0.0,0.0,0.0,0.0
2025-05-12,0.0,-8.0,0.0,0.0,0.0,0.0,0.0,-9.6,0.0,-17.6,-35.2
2025-05-13,0.0,0.0,0.0,0.0,3.0,0.0,3.1,0.0,7.4,13.5,27.0
2025-05-14,57.6,5.9,0.0,0.0,0.0,0.0,0.0,0.0,0.0,63.5,127.0
2025-05-15,8.4,-31.6,0.0,0.0,0.0,0.0,0.0,-16.6,0.0,-39.8,-79.6
2025-05-16,0.0,13.6,0.0,0.0,0.0,0.0,0.0,0.0,8.6,22.2,44.4
2025-05-17,0.0,0.0,0.0,0.0,0.0,0.0,0.0,0.0,0.0,0.0,0.0
2025-05-18,0.0,0.0,0.0,0.0,0.0,0.0,0.0,0.0,0.0,0.0,0.0
2025-05-19,13.7,0.0,0.0,0.0,0.0,0.0,0.0,0.0,0.0,13.7,27.4
2025-05-20,45.0,19.8,0.0,0.0,0.0,0.0,0.0,0.0,0.0,64.8,129.6
2025-05-21,24.9,-24.3,0.0,0.0,0.0,0.0,0.0,0.0,0.0,0.6,1.199999999999998
2025-05-22,0.0,42.2,5.7,0.0,0.0,0.0,0.0,43.7,18.9,110.5,221.0
2025-05-23,52.8,0.0,0.0,0.0,0.0,0.0,0.0,0.0,5.8,58.6,117.19999999999999
2025-05-24,0.0,0.0,0.0,0.0,0.0,0.0,0.0,0.0,0.0,0.0,0.0
2025-05-25,0.0,0.0,0.0,0.0,0.0,0.0,0.0,0.0,0.0,0.0,0.0
2025-05-26,0.0,0.0,0.0,0.0,0.0,0.0,0.0,0.0,0.0,0.0,0.0
2025-05-27,32.5,3.4,0.0,0.0,2.9,0.0,0.0,0.0,0.0,38.8,77.6
2025-05-28,52.7,25.7,0.0,0.0,0.0,1.6,0.0,0.0,4.9,84.9,169.8
2025-05-29,50.4,38.3,4.6,0.0,0.0,0.0,0.0,-4.6,3.2,91.9,183.8
2025-05-30,70.2,0.0,0.0,0.0,0.0,0.0,0.0,0.0,0.0,70.2,140.4
2025-05-31,0.0,0.0,0.0,0.0,0.0,0.0,0.0,0.0,0.0,0.0,0.0
2025-06-01,0.0,0.0,0.0,0.0,0.0,0.0,0.0,0.0,0.0,0.0,0.0
2025-06-02,48.4,29.8,0.0,0.0,0.0,0.0,0.0,0.0,0.0,78.2,156.4
2025-06-03,77.1,21.0,0.0,0.0,0.0,0.0,3.0,0.0,8.4,109.5,219.0
2025-06-04,73.2,-23.6,0.0,0.0,0.0,0.0,0.0,0.0,7.4,57.0,114.0
2025-06-05,34.7,-23.4,0.0,0.0,0.0,0.0,0.0,0.0,0.0,11.3,22.600000000000005
2025-06-06,15.9,0.0,0.0,0.0,0.0,0.0,0.0,0.0,9.4,25.3,50.6
2025-06-07,0.0,0.0,0.0,0.0,0.0,0.0,0.0,0.0,0.0,0.0,0.0
2025-06-08,0.0,0.0,0.0,0.0,0.0,0.0,0.0,0.0,0.0,0.0,0.0
2025-06-09,35.2,12.9,0.0,0.0,0.0,0.0,0.0,0.0,4.6,52.7,105.4
2025-06-10,80.6,26.3,8.4,0.0,0.0,0.0,0.0,0.0,9.7,125.0,250.0
2025-06-11,163.6,37.3,6.5,0.0,0.0,0.0,0.0,13.3,19.6,240.3,480.6
2025-06-12,101.5,10.8,0.0,0.0,0.0,0.0,0.0,0.0,0.0,112.3,224.6
2025-06-13,0.0,-8.8,0.0,0.0,0.0,0.0,0.0,0.0,6.7,-2.1,-4.200000000000001
2025-06-14,0.0,0.0,0.0,0.0,0.0,0.0,0.0,0.0,0.0,0.0,0.0
2025-06-15,0.0,0.0,0.0,0.0,0.0,0.0,0.0,0.0,0.0,0.0,0.0
2025-06-16,16.1,5.3,0.0,0.0,0.0,0.0,0.0,0.0,0.0,21.4,42.8
2025-06-17,36.7,-20.2,3.6,0.0,0.0,0.0,0.0,-9.0,0.0,11.1,22.200000000000003
2025-06-18,15.1,0.0,0.0,0.0,0.0,0.0,0.0,0.0,4.0,19.1,38.2
2025-06-19,0.0,0.0,0.0,0.0,0.0,0.0,0.0,0.0,0.0,0.0,0.0
2025-06-20,-19.7,0.0,0.0,0.0,1.8,0.0,0.0,0.0,6.6,-11.3,-22.6
2025-06-21,0.0,0.0,0.0,0.0,0.0,0.0,0.0,0.0,0.0,0.0,0.0
2025-06-22,0.0,0.0,0.0,0.0,0.0,0.0,0.0,0.0,0.0,0.0,0.0
2025-06-23,25.8,60.5,0.0,0.0,0.0,0.0,0.0,9.0,5.4,100.7,201.4
2025-06-24,98.0,-26.7,0.0,0.0,0.0,0.0,0.0,0.0,0.0,71.3,142.6
2025-06-25,55.2,0.0,5.2,0.0,0.0,0.0,0.0,0.0,0.0,60.4,120.80000000000001
2025-06-26,5.9,4.9,2.6,0.0,0.0,0.0,0.0,-27.4,-12.4,-26.4,-52.8
2025-06-27,48.1,28.9,0.0,0.5,0.0,0.0,0.0,0.0,0.0,77.5,155.0
2025-06-28,0.0,0.0,0.0,0.0,0.0,0.0,0.0,0.0,0.0,0.0,0.0
2025-06-29,0.0,0.0,0.0,0.0,0.0,0.0,0.0,0.0,0.0,0.0,0.0
2025-06-30,6.1,25.7,0.0,0.0,0.0,0.0,0.0,0.0,0.0,31.8,63.599999999999994
2025-07-01,54.8,-24.1,0.0,0.0,0.0,0.0,0.0,10.0,0.0,40.7,81.4
2025-07-02,-46.9,25.8,8.3,0.0,2.8,0.0,0.0,0.0,8.1,-1.9,-3.7999999999999967
2025-07-03,85.4,64.6,0.0,0.0,0.0,0.0,0.0,-5.4,3.9,148.5,297.0
2025-07-04,0.0,0.0,0.0,0.0,0.0,0.0,0.0,0.0,0.0,0.0,0.0
2025-07-05,0.0,0.0,0.0,0.0,0.0,0.0,0.0,0.0,0.0,0.0,0.0
2025-07-06,0.0,0.0,0.0,0.0,0.0,0.0,0.0,0.0,0.0,0.0,0.0
2025-07-07,53.2,8.9,0.0,0.0,0.0,0.0,0.0,0.0,0.0,62.1,124.2
2025-07-08,25.3,-0.7,4.9,0.0,0.0,0.0,0.0,7.9,9.3,46.7,93.4
2025-07-09,158.6,29.5,0.0,0.0,0.0,0.0,5.2,0.0,18.0,211.3,422.6
2025-07-10,300.9,37.3,3.2,0.0,2.1,0.0,0.0,18.9,20.7,383.1,766.2
2025-07-11,137.1,12.0,8.6,5.1,6.6,0.0,0.0,10.0,25.5,204.9,409.79999999999995
2025-07-12,0.0,0.0,0.0,0.0,0.0,0.0,0.0,0.0,0.0,0.0,0.0
2025-07-13,0.0,0.0,0.0,0.0,0.0,0.0,0.0,0.0,0.0,0.0,0.0
2025-07-14,151.4,31.4,11.2,0.0,6.6,0.0,5.7,8.9,43.8,259.0,518.0
2025-07-15,171.5,12.2,0.0,0.0,0.0,0.0,0.0,0.0,8.6,192.3,384.6
2025-07-16,499.2,113.3,14.4,0.0,3.7,3.7,5.1,33.0,54.2,726.6,1453.2000000000003
2025-07-17,546.7,17.2,4.4,3.8,0.0,0.0,0.0,0.0,29.9,602.0,1204.0
2025-07-18,394.9,-45.4,13.0,0.0,2.6,0.0,0.0,-27.9,65.3,402.5,805.0
2025-07-19,0.0,0.0,0.0,0.0,0.0,0.0,0.0,0.0,0.0,0.0,0.0
2025-07-20,0.0,0.0,0.0,0.0,0.0,0.0,0.0,0.0,0.0,0.0,0.0
2025-07-21,102.0,126.9,13.1,-0.4,0.0,0.0,0.0,0.0,54.9,296.5,593.0
2025-07-22,426.2,35.0,0.0,0.0,0.0,0.0,0.0,0.0,72.6,533.8,1067.6
2025-07-23,324.6,3.6,0.0,0.0,4.0,0.0,0.0,0.0,0.0,332.2,664.4000000000001
2025-07-24,0.0,210.1,11.5,0.0,0.0,0.0,2.8,-18.5,25.3,231.2,462.4
2025-07-25,440.1,7.3,10.0,0.0,0.0,0.0,0.0,-23.5,18.9,452.8,905.6
2025-07-26,0.0,0.0,0.0,0.0,0.0,0.0,0.0,0.0,0.0,0.0,0.0
2025-07-27,0.0,0.0,0.0,0.0,0.0,0.0,0.0,0.0,0.0,0.0,0.0
2025-07-28,132.0,-49.2,0.0,0.0,0.0,0.0,0.0,-17.6,0.0,65.2,130.39999999999998
2025-07-29,223.7,0.0,0.0,-5.1,0.0,0.0,0.0,0.0,0.0,218.6,437.2
2025-07-30,20.3,-22.3,0.0,0.0,0.0,0.0,0.0,7.8,0.0,5.8,11.6
2025-07-31,18.2,5.6,0.0,0.0,0.0,0.0,0.0,-6.8,0.0,17.0,34.0
2025-08-01,0.0,-6.2,-40.3,-1.9,-5.2,-8.4,-5.4,-37.2,-47.7,-152.3,-304.6
2025-08-02,0.0,0.0,0.0,0.0,0.0,0.0,0.0,0.0,0.0,0.0,0.0
2025-08-03,0.0,0.0,0.0,0.0,0.0,0.0,0.0,0.0,0.0,0.0,0.0
2025-08-04,-375.0,-55.1,0.0,0.0,0.0,0.0,0.0,-7.0,-28.0,-465.1,-930.2
2025-08-05,88.8,0.0,0.0,3.6,5.2,0.0,0.0,-10.9,-13.4,73.3,146.59999999999997
2025-08-06,33.4,0.0,0.0,0.4,0.0,0.0,0.0,10.0,-8.7,35.1,70.19999999999999
2025-08-07,103.5,31.8,24.8,0.0,7.0,3.9,5.8,10.9,34.6,222.3,444.6
2025-08-08,254.7,132.3,7.8,0.0,0.0,1.2,0.0,26.8,38.2,461.0,922.0
2025-08-09,0.0,0.0,0.0,0.0,0.0,0.0,0.0,0.0,0.0,0.0,0.0
2025-08-10,0.0,0.0,0.0,0.0,0.0,0.0,0.0,0.0,0.0,0.0,0.0
2025-08-11,639.8,276.9,4.3,3.9,9.4,0.0,4.9,13.0,66.6,1018.8,2037.6
2025-08-12,318.7,144.9,0.0,1.8,4.9,0.0,0.0,9.3,44.3,523.9,1047.8
2025-08-13,500.9,154.7,10.8,0.0,0.0,0.0,3.6,7.8,51.3,729.1,1458.1999999999998
2025-08-14,519.7,56.9,0.0,0.0,0.0,2.3,0.0,0.0,60.7,639.6,1279.2
2025-08-15,338.1,-272.2,-15.8,-4.4,0.0,0.0,0.0,-101.7,-3.3,-59.3,-118.59999999999997
2025-08-16,0.0,0.0,0.0,0.0,0.0,0.0,0.0,0.0,0.0,0.0,0.0
2025-08-17,0.0,0.0,0.0,0.0,0.0,0.0,0.0,0.0,0.0,0.0,0.0
2025-08-18,-87.2,-78.4,-0.9,0.0,-4.8,0.0,-6.6,-18.7,0.0,-196.6,-393.20000000000005
2025-08-19,-6.3,-156.3,-39.8,0.0,-3.0,-7.4,-6.3,-122.0,-88.5,-429.6,-859.2
2025-08-20,-257.8,8.6,0.0,0.0,0.0,0.0,0.0,0.0,9.0,-240.2,-480.4
2025-08-21,233.6,28.5,7.0,0.0,6.2,0.0,0.0,5.9,6.4,287.6,575.2
2025-08-22,109.4,117.9,36.3,0.0,3.5,0.0,5.5,45.9,22.7,341.2,682.4
2025-08-23,0.0,0.0,0.0,0.0,0.0,0.0,0.0,0.0,0.0,0.0,0.0
2025-08-24,0.0,0.0,0.0,0.0,0.0,0.0,0.0,0.0,0.0,0.0,0.0
2025-08-25,314.9,87.4,9.7,5.6,0.0,2.2,0.0,-29.2,53.3,443.9,887.8
2025-08-26,323.1,85.5,0.0,0.0,0.0,0.0,0.0,5.3,41.1,455.0,910.0
2025-08-27,262.6,20.5,0.0,2.3,3.3,0.0,0.0,5.7,15.1,309.5,619.0
2025-08-28,67.6,-33.5,-1.3,0.0,0.0,0.0,0.0,0.0,6.3,39.1,78.19999999999999
2025-08-29,0.0,-51.0,-23.7,0.0,0.0,0.0,0.0,-28.6,-61.3,-164.6,-329.20000000000005
